Timestamp (UTC),Net Grid Power (W),Phase A Voltage (V),Hoymiles Active Power (W),Bridge Status,Meter Status,Hoymiles Status
2026-07-20T04:00:51.292826Z,26382,247.0,0,OK,OK,OK
2026-07-20T04:01:52.623933Z,29124,247.3,0,OK,OK,OK
2026-07-20T04:02:52.693494Z,27419,246.7,0,OK,OK,OK
2026-07-20T04:03:52.763464Z,27431,246.6,0,OK,OK,OK
2026-07-20T04:04:52.833221Z,26334,246.7,0,OK,OK,OK
2026-07-20T04:05:52.903627Z,43408,245.7,0,OK,OK,OK
2026-07-20T04:06:52.973758Z,43090,245.8,0,OK,OK,OK
2026-07-20T04:07:53.043588Z,43098,246.1,0,OK,OK,OK
2026-07-20T04:08:53.114303Z,43114,246.2,0,OK,OK,OK
2026-07-20T04:09:53.184690Z,43065,246.4,0,OK,OK,OK
2026-07-20T04:10:53.265226Z,43152,246.3,0,OK,OK,OK
2026-07-20T04:11:53.341938Z,44175,246.4,0,OK,OK,OK
2026-07-20T04:12:53.413122Z,45958,246.1,0,OK,OK,OK
2026-07-20T04:13:53.483545Z,30839,246.9,0,OK,OK,OK
2026-07-20T04:14:53.554109Z,26210,247.0,0,OK,OK,OK
2026-07-20T04:15:53.625334Z,27260,246.9,0,OK,OK,OK
2026-07-20T04:16:55.278146Z,27065,247.2,0,OK,OK,OK
2026-07-20T04:17:55.380986Z,26991,247.2,0,OK,OK,OK
2026-07-20T04:18:55.452082Z,26902,247.1,0,OK,OK,OK
2026-07-20T04:19:55.522755Z,26929,247.2,0,OK,OK,OK
2026-07-20T04:20:55.593813Z,26949,247.2,0,OK,OK,OK
2026-07-20T04:21:55.664938Z,27156,246.8,0,OK,OK,OK
2026-07-20T04:22:55.736670Z,26946,246.9,0,OK,OK,OK
2026-07-20T04:23:55.806806Z,27127,247.1,0,OK,OK,OK
2026-07-20T04:24:55.877892Z,29718,247.2,0,OK,OK,OK
2026-07-20T04:25:55.948313Z,28210,247.1,0,OK,OK,OK
2026-07-20T04:26:56.019315Z,28162,247.1,0,OK,OK,OK
2026-07-20T04:27:56.090367Z,43487,246.1,0,OK,OK,OK
2026-07-20T04:28:56.193354Z,43749,246.2,0,OK,OK,OK
2026-07-20T04:29:56.264237Z,44378,246.2,0,OK,OK,OK
2026-07-20T04:30:56.335466Z,43762,246.3,0,OK,OK,OK
2026-07-20T04:31:57.716433Z,43838,246.5,0,OK,OK,OK
2026-07-20T04:32:57.787344Z,43912,246.4,0,OK,OK,OK
2026-07-20T04:33:57.858396Z,43802,246.2,0,OK,OK,OK
2026-07-20T04:34:57.929347Z,30324,246.7,0,OK,OK,OK
2026-07-20T04:35:58.016759Z,26241,246.8,0,OK,OK,OK
2026-07-20T04:36:58.087565Z,29024,246.6,0,OK,OK,OK
2026-07-20T04:37:58.158234Z,27294,246.8,0,OK,OK,OK
2026-07-20T04:38:58.228998Z,27309,246.7,0,OK,OK,OK
2026-07-20T04:39:58.299923Z,26005,246.6,0,OK,OK,OK
2026-07-20T04:40:58.371235Z,26134,246.7,0,OK,OK,OK
2026-07-20T04:41:58.442531Z,26042,246.7,0,OK,OK,OK
2026-07-20T04:42:58.513235Z,25814,246.5,0,OK,OK,OK
2026-07-20T04:43:58.584484Z,27384,246.5,0,OK,OK,OK
2026-07-20T04:44:58.655535Z,27124,246.5,0,OK,OK,OK
2026-07-20T04:45:58.748829Z,25997,246.5,0,OK,OK,OK
2026-07-20T04:47:00.342369Z,26074,246.7,0,OK,OK,OK
2026-07-20T04:48:00.413846Z,26018,246.7,0,OK,OK,OK
2026-07-20T04:49:00.484870Z,25782,246.7,0,OK,OK,OK
2026-07-20T04:50:00.556462Z,25922,246.7,0,OK,OK,OK
2026-07-20T04:51:00.628195Z,28797,246.7,0,OK,OK,OK
2026-07-20T04:52:00.699310Z,28372,246.6,0,OK,OK,OK
2026-07-20T04:53:00.770675Z,28152,246.6,0,OK,OK,OK
2026-07-20T04:54:00.842461Z,26913,246.6,0,OK,OK,OK
2026-07-20T04:55:00.913910Z,43631,246.0,0,OK,OK,OK
2026-07-20T04:56:00.985273Z,43758,246.1,0,OK,OK,OK
2026-07-20T04:57:01.057089Z,43713,245.2,0,OK,OK,OK
2026-07-20T04:58:01.128856Z,43753,245.3,0,OK,OK,OK
2026-07-20T04:59:01.200510Z,43802,245.5,0,OK,OK,OK
2026-07-20T05:00:01.272243Z,43813,245.7,0,OK,OK,OK
2026-07-20T05:01:03.468211Z,30131,246.3,0,OK,OK,OK
2026-07-20T05:02:03.539718Z,26767,246.9,0,OK,OK,OK
2026-07-20T05:03:03.611584Z,26775,246.9,0,OK,OK,OK
2026-07-20T05:04:03.682696Z,26799,246.7,0,OK,OK,OK
2026-07-20T05:05:03.754199Z,26816,246.8,0,OK,OK,OK
2026-07-20T05:06:03.826041Z,29912,246.8,0,OK,OK,OK
2026-07-20T05:07:03.913197Z,28047,247.0,0,OK,OK,OK
2026-07-20T05:08:03.984749Z,27994,246.9,0,OK,OK,OK
2026-07-20T05:09:04.056527Z,26806,247.1,0,OK,OK,OK
2026-07-20T05:10:04.128466Z,26776,247.1,0,OK,OK,OK
2026-07-20T05:11:04.200418Z,25995,247.1,0,OK,OK,OK
2026-07-20T05:12:04.304033Z,25998,247.2,0,OK,OK,OK
2026-07-20T05:13:04.375693Z,26008,247.3,0,OK,OK,OK
2026-07-20T05:14:04.447670Z,25953,247.3,0,OK,OK,OK
2026-07-20T05:15:04.519443Z,25943,247.1,0,OK,OK,OK
2026-07-20T05:16:06.156341Z,25986,247.3,0,OK,OK,OK
2026-07-20T05:17:06.227959Z,25982,247.4,0,OK,OK,OK
2026-07-20T05:18:06.299783Z,25983,247.5,0,OK,OK,OK
2026-07-20T05:19:06.371570Z,26092,247.5,0,OK,OK,OK
2026-07-20T05:20:06.433681Z,26026,247.4,0,OK,OK,OK
2026-07-20T05:21:06.534780Z,25985,247.5,0,OK,OK,OK
2026-07-20T05:22:06.605753Z,25999,247.7,0,OK,OK,OK
2026-07-20T05:23:06.677023Z,26140,247.7,0,OK,OK,OK
2026-07-20T05:24:06.748544Z,28674,247.6,0,OK,OK,OK
2026-07-20T05:25:06.819390Z,27397,247.5,0,OK,OK,OK
2026-07-20T05:26:06.890521Z,27270,247.7,0,OK,OK,OK
2026-07-20T05:27:06.961800Z,27240,247.7,0,OK,OK,OK
2026-07-20T05:28:07.033300Z,27361,247.6,0,OK,OK,OK
2026-07-20T05:29:07.104514Z,26226,247.8,0,OK,OK,OK
2026-07-20T05:30:07.175611Z,26324,247.5,0,OK,OK,OK
2026-07-20T05:31:08.460870Z,26252,247.5,0,OK,OK,OK
2026-07-20T05:32:08.532420Z,26188,247.6,0,OK,OK,OK
2026-07-20T05:33:08.603888Z,26233,247.6,0,OK,OK,OK
2026-07-20T05:34:08.674995Z,26290,247.5,0,OK,OK,OK
2026-07-20T05:35:08.746483Z,26249,247.4,0,OK,OK,OK
2026-07-20T05:36:08.818009Z,26223,247.6,0,OK,OK,OK
2026-07-20T05:37:08.889247Z,27366,247.5,0,OK,OK,OK
2026-07-20T05:38:08.960768Z,26431,247.5,0,OK,OK,OK
2026-07-20T05:39:09.031910Z,26290,247.7,0,OK,OK,OK
2026-07-20T05:40:09.103382Z,21920,247.8,0,OK,OK,OK
2026-07-20T05:41:09.174118Z,38263,247.1,0,OK,OK,OK
2026-07-20T05:42:09.245051Z,38326,247.0,0,OK,OK,OK
2026-07-20T05:43:09.316496Z,38424,247.0,0,OK,OK,OK
2026-07-20T05:44:09.387743Z,38384,247.2,0,OK,OK,OK
2026-07-20T05:45:09.459199Z,38496,247.2,0,OK,OK,OK
2026-07-20T05:46:10.999656Z,24333,247.8,0,OK,OK,OK
2026-07-20T05:47:11.071199Z,23199,248.0,0,OK,OK,OK
2026-07-20T05:48:11.141825Z,22648,248.0,0,OK,OK,OK
2026-07-20T05:49:11.213206Z,22592,248.1,0,OK,OK,OK
2026-07-20T05:50:11.284812Z,21014,248.2,0,OK,OK,OK
2026-07-20T05:51:11.328108Z,20953,248.3,0,OK,OK,OK
2026-07-20T05:52:11.397831Z,20875,248.1,0,OK,OK,OK
2026-07-20T05:53:11.468879Z,20883,247.8,0,OK,OK,OK
2026-07-20T05:54:11.540119Z,20973,247.8,0,OK,OK,OK
2026-07-20T05:55:11.611109Z,20854,247.7,0,OK,OK,OK
2026-07-20T05:56:11.682277Z,20875,247.8,0,OK,OK,OK
2026-07-20T05:57:11.753284Z,20917,247.7,0,OK,OK,OK
2026-07-20T05:58:11.824492Z,20883,247.7,0,OK,OK,OK
2026-07-20T05:59:11.895276Z,20960,247.9,0,OK,OK,OK
2026-07-20T06:00:11.966117Z,21093,247.8,0,OK,OK,OK
2026-07-20T06:01:13.474363Z,21918,247.9,0,OK,OK,OK
2026-07-20T06:02:13.545780Z,22021,247.9,0,OK,OK,OK
2026-07-20T06:03:13.616747Z,21863,248.1,0,OK,OK,OK
2026-07-20T06:04:13.687224Z,21758,248.0,0,OK,OK,OK
2026-07-20T06:05:13.758030Z,21944,247.9,0,OK,OK,OK
2026-07-20T06:06:13.828962Z,21822,248.0,0,OK,OK,OK
2026-07-20T06:07:13.899783Z,21968,248.1,0,OK,OK,OK
2026-07-20T06:08:13.970756Z,21767,248.0,0,OK,OK,OK
2026-07-20T06:09:14.041531Z,21659,248.0,0,OK,OK,OK
2026-07-20T06:10:14.112436Z,22088,248.1,0,OK,OK,OK
2026-07-20T06:11:14.182998Z,21873,247.8,0,OK,OK,OK
2026-07-20T06:12:14.253469Z,21859,247.9,0,OK,OK,OK
2026-07-20T06:13:14.324095Z,22385,248.0,0,OK,OK,OK
2026-07-20T06:14:14.394657Z,22242,247.8,0,OK,OK,OK
2026-07-20T06:15:14.465177Z,22259,248.0,0,OK,OK,OK
2026-07-20T06:16:16.069085Z,22309,248.0,0,OK,OK,OK
2026-07-20T06:17:16.139725Z,22274,247.9,0,OK,OK,OK
2026-07-20T06:18:16.210067Z,22222,248.0,0,OK,OK,OK
2026-07-20T06:19:16.280339Z,22300,247.9,0,OK,OK,OK
2026-07-20T06:20:16.350519Z,22324,247.8,0,OK,OK,OK
2026-07-20T06:21:16.421203Z,22257,248.1,0,OK,OK,OK
2026-07-20T06:22:16.492018Z,21481,248.0,0,OK,OK,OK
2026-07-20T06:23:16.557170Z,22817,248.2,0,OK,OK,OK
2026-07-20T06:24:16.627509Z,24241,248.0,0,OK,OK,OK
2026-07-20T06:25:16.698003Z,23119,248.1,0,OK,OK,OK
2026-07-20T06:26:16.768944Z,21537,248.2,0,OK,OK,OK
2026-07-20T06:27:16.839833Z,21503,248.2,0,OK,OK,OK
2026-07-20T06:28:16.910854Z,22792,248.1,0,OK,OK,OK
2026-07-20T06:29:16.981762Z,22802,248.1,0,OK,OK,OK
2026-07-20T06:30:17.052593Z,21565,248.1,0,OK,OK,OK
2026-07-20T06:31:18.401298Z,21541,248.0,0,OK,OK,OK
2026-07-20T06:32:18.472528Z,21518,248.0,0,OK,OK,OK
2026-07-20T06:33:18.543558Z,21340,248.0,0,OK,OK,OK
2026-07-20T06:34:18.614225Z,21403,248.2,0,OK,OK,OK
2026-07-20T06:35:18.685295Z,21368,248.1,0,OK,OK,OK
2026-07-20T06:36:18.756135Z,21387,248.2,0,OK,OK,OK
2026-07-20T06:37:18.826413Z,21454,248.0,0,OK,OK,OK
2026-07-20T06:38:18.897495Z,22656,247.7,0,OK,OK,OK
2026-07-20T06:39:18.968121Z,22324,247.7,0,OK,OK,OK
2026-07-20T06:40:19.039292Z,22205,247.7,0,OK,OK,OK
2026-07-20T06:41:19.110014Z,22180,247.8,0,OK,OK,OK
2026-07-20T06:42:19.180750Z,22129,247.8,0,OK,OK,OK
2026-07-20T06:43:19.251366Z,22259,247.8,0,OK,OK,OK
2026-07-20T06:44:19.321982Z,22199,247.9,0,OK,OK,OK
2026-07-20T06:45:19.393148Z,22217,247.8,0,OK,OK,OK
2026-07-20T06:46:20.757612Z,22033,247.6,0,OK,OK,OK
2026-07-20T06:47:20.828438Z,21962,247.9,0,OK,OK,OK
2026-07-20T06:48:20.899076Z,22069,247.9,0,OK,OK,OK
2026-07-20T06:49:20.970147Z,22013,247.8,0,OK,OK,OK
2026-07-20T06:50:21.041123Z,22165,247.7,0,OK,OK,OK
2026-07-20T06:51:21.112132Z,21828,247.7,0,OK,OK,OK
2026-07-20T06:52:21.183062Z,22162,247.9,0,OK,OK,OK
2026-07-20T06:53:21.253692Z,21828,247.9,0,OK,OK,OK
2026-07-20T06:54:21.324210Z,21971,247.9,0,OK,OK,OK
2026-07-20T06:55:21.395200Z,21804,247.9,0,OK,OK,OK
2026-07-20T06:56:21.465599Z,21782,247.9,0,OK,OK,OK
2026-07-20T06:57:21.552900Z,20977,248.0,0,OK,OK,OK
2026-07-20T06:58:21.625332Z,21151,248.0,0,OK,OK,OK
2026-07-20T06:59:21.696233Z,21150,248.2,0,OK,OK,OK
2026-07-20T07:00:21.767376Z,21081,247.9,0,OK,OK,OK
2026-07-20T07:01:23.339924Z,21010,248.0,0,OK,OK,OK
2026-07-20T07:02:23.411317Z,21105,248.1,0,OK,OK,OK
2026-07-20T07:03:23.498500Z,21167,248.2,0,OK,OK,OK
2026-07-20T07:04:23.570444Z,21191,248.2,0,OK,OK,OK
2026-07-20T07:05:23.641487Z,21124,248.3,0,OK,OK,OK
2026-07-20T07:06:23.712679Z,21216,248.5,0,OK,OK,OK
2026-07-20T07:07:23.783515Z,21156,248.3,0,OK,OK,OK
2026-07-20T07:08:23.854561Z,21167,248.4,0,OK,OK,OK
2026-07-20T07:09:23.925988Z,21358,248.4,0,OK,OK,OK
2026-07-20T07:10:23.996719Z,23243,248.4,0,OK,OK,OK
2026-07-20T07:11:24.067708Z,22760,248.3,0,OK,OK,OK
2026-07-20T07:12:24.138941Z,22539,248.3,0,OK,OK,OK
2026-07-20T07:13:24.210529Z,22310,248.4,0,OK,OK,OK
2026-07-20T07:14:24.281161Z,22148,248.5,0,OK,OK,OK
2026-07-20T07:15:24.352762Z,22004,248.5,0,OK,OK,OK
2026-07-20T07:16:25.765727Z,22009,248.8,0,OK,OK,OK
2026-07-20T07:17:25.836921Z,22077,248.6,0,OK,OK,OK
2026-07-20T07:18:25.908083Z,23531,248.1,0,OK,OK,OK
2026-07-20T07:19:25.979238Z,23238,248.1,0,OK,OK,OK
2026-07-20T07:20:26.050969Z,22088,248.1,0,OK,OK,OK
2026-07-20T07:21:26.122429Z,22094,248.1,0,OK,OK,OK
2026-07-20T07:22:26.193753Z,22092,248.1,0,OK,OK,OK
2026-07-20T07:23:26.265165Z,22020,248.1,0,OK,OK,OK
2026-07-20T07:24:26.336550Z,6921,248.9,0,OK,OK,OK
2026-07-20T07:25:26.408275Z,6875,248.7,0,OK,OK,OK
2026-07-20T07:26:26.479689Z,6881,248.6,0,OK,OK,OK
2026-07-20T07:27:26.550874Z,6875,248.7,0,OK,OK,OK
2026-07-20T07:28:26.622208Z,6832,248.6,0,OK,OK,OK
2026-07-20T07:29:26.693749Z,6920,248.6,0,OK,OK,OK
2026-07-20T07:30:26.765259Z,6834,248.7,0,OK,OK,OK
2026-07-20T07:31:28.098550Z,6783,248.6,0,OK,OK,OK
2026-07-20T07:32:28.169825Z,5807,248.7,0,OK,OK,OK
2026-07-20T07:33:28.241172Z,5684,248.9,0,OK,OK,OK
2026-07-20T07:34:28.312356Z,5830,248.9,0,OK,OK,OK
2026-07-20T07:35:28.383732Z,5902,248.9,0,OK,OK,OK
2026-07-20T07:36:28.455174Z,5894,248.7,0,OK,OK,OK
2026-07-20T07:37:28.526856Z,6088,248.9,0,OK,OK,OK
2026-07-20T07:38:28.598125Z,5741,248.9,0,OK,OK,OK
2026-07-20T07:39:28.669263Z,5768,248.9,0,OK,OK,OK
2026-07-20T07:40:28.740645Z,5912,248.9,0,OK,OK,OK
2026-07-20T07:41:28.812105Z,6011,249.1,0,OK,OK,OK
2026-07-20T07:42:28.883200Z,5962,249.1,0,OK,OK,OK
2026-07-20T07:43:28.954890Z,5871,249.1,0,OK,OK,OK
2026-07-20T07:44:29.025658Z,5803,248.9,0,OK,OK,OK
2026-07-20T07:45:29.097449Z,5770,248.9,0,OK,OK,OK
2026-07-20T07:46:30.717836Z,5707,249.1,0,OK,OK,OK
2026-07-20T07:47:30.789285Z,5704,249.1,0,OK,OK,OK
2026-07-20T07:48:30.860377Z,6833,249.1,0,OK,OK,OK
2026-07-20T07:49:30.931643Z,6807,249.0,0,OK,OK,OK
2026-07-20T07:50:31.002968Z,6795,249.1,0,OK,OK,OK
2026-07-20T07:51:31.074699Z,6855,249.1,0,OK,OK,OK
2026-07-20T07:52:31.145825Z,6821,249.1,0,OK,OK,OK
2026-07-20T07:53:31.216829Z,6788,249.1,0,OK,OK,OK
2026-07-20T07:54:31.288288Z,6943,249.1,0,OK,OK,OK
2026-07-20T07:55:31.359491Z,6903,249.1,0,OK,OK,OK
2026-07-20T07:56:31.430361Z,6875,249.0,0,OK,OK,OK
2026-07-20T07:57:31.501429Z,6928,249.0,0,OK,OK,OK
2026-07-20T07:58:31.572536Z,6970,248.9,0,OK,OK,OK
2026-07-20T07:59:31.643821Z,6927,248.9,0,OK,OK,OK
2026-07-20T08:00:31.714737Z,6898,248.8,0,OK,OK,OK
2026-07-20T08:01:33.080327Z,6854,248.7,0,OK,OK,OK
2026-07-20T08:02:33.151142Z,6876,248.7,0,OK,OK,OK
2026-07-20T08:03:33.222460Z,6852,248.7,0,OK,OK,OK
2026-07-20T08:04:33.293603Z,6755,248.9,0,OK,OK,OK
2026-07-20T08:05:33.364688Z,6925,249.0,0,OK,OK,OK
2026-07-20T08:06:33.435510Z,6863,249.1,0,OK,OK,OK
2026-07-20T08:07:33.506922Z,6035,249.2,0,OK,OK,OK
2026-07-20T08:08:33.578211Z,7310,249.1,0,OK,OK,OK
2026-07-20T08:09:33.649194Z,6129,249.2,0,OK,OK,OK
2026-07-20T08:10:33.720407Z,6143,249.2,0,OK,OK,OK
2026-07-20T08:11:33.791257Z,4507,249.0,0,OK,OK,OK
2026-07-20T08:12:33.862323Z,4457,249.1,0,OK,OK,OK
2026-07-20T08:13:33.933687Z,4406,249.3,0,OK,OK,OK
2026-07-20T08:14:34.005663Z,4424,249.2,0,OK,OK,OK
2026-07-20T08:15:34.076704Z,4203,249.2,0,OK,OK,OK
2026-07-20T08:16:35.459099Z,4173,249.1,0,OK,OK,OK
2026-07-20T08:17:35.529769Z,4165,249.2,0,OK,OK,OK
2026-07-20T08:18:35.600750Z,4197,249.0,0,OK,OK,OK
2026-07-20T08:19:35.671954Z,4115,249.2,0,OK,OK,OK
2026-07-20T08:20:35.743028Z,4302,249.0,0,OK,OK,OK
2026-07-20T08:21:35.814236Z,4152,249.0,0,OK,OK,OK
2026-07-20T08:22:35.869254Z,4085,248.9,0,OK,OK,OK
2026-07-20T08:23:35.938829Z,5205,249.0,0,OK,OK,OK
2026-07-20T08:24:36.009467Z,5069,249.0,0,OK,OK,OK
2026-07-20T08:25:36.080524Z,4989,249.0,0,OK,OK,OK
2026-07-20T08:26:36.151383Z,5086,248.9,0,OK,OK,OK
2026-07-20T08:27:36.221965Z,5019,249.0,0,OK,OK,OK
2026-07-20T08:28:36.292710Z,5262,249.0,0,OK,OK,OK
2026-07-20T08:29:36.363673Z,5144,249.0,0,OK,OK,OK
2026-07-20T08:30:36.434095Z,5189,249.0,0,OK,OK,OK
2026-07-20T08:31:37.942116Z,5173,249.0,0,OK,OK,OK
2026-07-20T08:32:38.012592Z,5265,248.9,0,OK,OK,OK
2026-07-20T08:33:38.083492Z,5052,248.7,0,OK,OK,OK
2026-07-20T08:34:38.154152Z,5042,248.9,0,OK,OK,OK
2026-07-20T08:35:38.225333Z,5071,248.8,0,OK,OK,OK
2026-07-20T08:36:38.296171Z,5221,248.9,0,OK,OK,OK
2026-07-20T08:37:38.366941Z,5281,249.0,0,OK,OK,OK
2026-07-20T08:38:38.437573Z,5270,249.0,0,OK,OK,OK
2026-07-20T08:39:38.508470Z,5276,248.9,0,OK,OK,OK
2026-07-20T08:40:38.579299Z,5316,249.0,0,OK,OK,OK
2026-07-20T08:41:38.649746Z,4511,249.0,0,OK,OK,OK
2026-07-20T08:42:38.721074Z,4447,249.0,0,OK,OK,OK
2026-07-20T08:43:38.791888Z,4485,249.0,0,OK,OK,OK
2026-07-20T08:44:38.862929Z,4497,248.7,0,OK,OK,OK
2026-07-20T08:45:38.933796Z,4486,248.9,0,OK,OK,OK
2026-07-20T08:46:40.474124Z,4311,248.8,0,OK,OK,OK
2026-07-20T08:47:40.544600Z,4497,248.6,0,OK,OK,OK
2026-07-20T08:48:40.615179Z,4432,248.7,0,OK,OK,OK
2026-07-20T08:49:40.685761Z,4464,248.6,0,OK,OK,OK
2026-07-20T08:50:40.756647Z,4463,248.7,0,OK,OK,OK
2026-07-20T08:51:40.827699Z,4498,248.7,0,OK,OK,OK
2026-07-20T08:52:40.898599Z,4445,248.8,0,OK,OK,OK
2026-07-20T08:53:40.969094Z,4445,248.8,0,OK,OK,OK
2026-07-20T08:54:41.040125Z,4405,248.8,0,OK,OK,OK
2026-07-20T08:55:41.108471Z,4435,248.5,0,OK,OK,OK
2026-07-20T08:56:41.171128Z,5637,248.5,0,OK,OK,OK
2026-07-20T08:57:41.241360Z,5447,248.4,0,OK,OK,OK
2026-07-20T08:58:41.312243Z,5252,248.0,0,OK,OK,OK
2026-07-20T08:59:41.382963Z,5193,248.2,0,OK,OK,OK
2026-07-20T09:00:41.453842Z,5391,247.8,0,OK,OK,OK
2026-07-20T09:01:42.930020Z,5199,247.6,0,OK,OK,OK
2026-07-20T09:02:43.001104Z,6414,247.4,0,OK,OK,OK
2026-07-20T09:03:43.071678Z,6290,247.3,0,OK,OK,OK
2026-07-20T09:04:43.142037Z,5098,247.9,0,OK,OK,OK
2026-07-20T09:05:43.213078Z,5237,247.9,0,OK,OK,OK
2026-07-20T09:06:43.283612Z,5202,247.8,0,OK,OK,OK
2026-07-20T09:07:43.354436Z,5106,247.7,0,OK,OK,OK
2026-07-20T09:08:43.425152Z,5024,247.9,0,OK,OK,OK
2026-07-20T09:09:43.495903Z,5001,247.9,0,OK,OK,OK
2026-07-20T09:10:43.566678Z,4977,247.9,0,OK,OK,OK
2026-07-20T09:11:43.637409Z,5073,247.8,0,OK,OK,OK
2026-07-20T09:12:43.707881Z,5095,247.9,0,OK,OK,OK
2026-07-20T09:13:43.778822Z,4967,248.0,0,OK,OK,OK
2026-07-20T09:14:43.848785Z,4520,248.0,0,OK,OK,OK
2026-07-20T09:15:43.919686Z,4099,248.0,0,OK,OK,OK
2026-07-20T09:16:45.635654Z,4084,248.0,0,OK,OK,OK
2026-07-20T09:17:45.706325Z,4119,248.0,0,OK,OK,OK
2026-07-20T09:18:45.776888Z,4066,248.0,0,OK,OK,OK
2026-07-20T09:19:45.847730Z,4100,248.0,0,OK,OK,OK
2026-07-20T09:20:45.918296Z,4091,248.0,0,OK,OK,OK
2026-07-20T09:21:45.988972Z,4309,247.8,0,OK,OK,OK
2026-07-20T09:22:46.059861Z,4358,247.8,0,OK,OK,OK
2026-07-20T09:23:46.130505Z,4420,247.9,0,OK,OK,OK
2026-07-20T09:24:46.201761Z,4571,248.0,0,OK,OK,OK
2026-07-20T09:25:46.272775Z,4398,248.0,0,OK,OK,OK
2026-07-20T09:26:46.342989Z,4626,248.0,0,OK,OK,OK
2026-07-20T09:27:46.413759Z,4376,248.0,0,OK,OK,OK
2026-07-20T09:28:46.484564Z,4396,248.0,0,OK,OK,OK
2026-07-20T09:29:46.555238Z,4395,248.0,0,OK,OK,OK
2026-07-20T09:30:46.626057Z,5552,247.6,0,OK,OK,OK
2026-07-20T09:31:48.114296Z,5439,247.7,0,OK,OK,OK
2026-07-20T09:32:48.184753Z,5235,247.8,0,OK,OK,OK
2026-07-20T09:33:48.254981Z,5259,247.8,0,OK,OK,OK
2026-07-20T09:34:48.325784Z,5268,247.7,0,OK,OK,OK
2026-07-20T09:35:48.395769Z,5311,248.2,0,OK,OK,OK
2026-07-20T09:36:48.465671Z,5302,248.3,0,OK,OK,OK
2026-07-20T09:37:48.536220Z,5245,248.3,9,OK,OK,OK
2026-07-20T09:38:48.606025Z,5276,248.3,9,OK,OK,OK
2026-07-20T09:39:48.676776Z,5279,248.3,9,OK,OK,OK
2026-07-20T09:40:48.747360Z,5275,248.4,9,OK,OK,OK
2026-07-20T09:41:48.817963Z,5047,248.5,9,OK,OK,OK
2026-07-20T09:42:48.888231Z,4937,248.5,9,OK,OK,OK
2026-07-20T09:43:48.959006Z,6108,248.5,9,OK,OK,OK
2026-07-20T09:44:49.029593Z,5281,248.6,9,OK,OK,OK
2026-07-20T09:45:49.100432Z,5276,248.7,9,OK,OK,OK
2026-07-20T09:46:50.448315Z,5300,248.6,9,OK,OK,OK
2026-07-20T09:47:50.518586Z,5155,248.7,9,OK,OK,OK
2026-07-20T09:48:50.605136Z,4346,248.6,9,OK,OK,OK
2026-07-20T09:49:50.675519Z,4325,248.6,9,OK,OK,OK
2026-07-20T09:50:50.746457Z,4259,248.6,9,OK,OK,OK
2026-07-20T09:51:50.816881Z,4407,248.7,9,OK,OK,OK
2026-07-20T09:52:50.887642Z,4241,248.6,132,OK,OK,OK
2026-07-20T09:53:50.958168Z,4111,248.6,132,OK,OK,OK
2026-07-20T09:54:51.029136Z,4079,248.6,132,OK,OK,OK
2026-07-20T09:55:51.099454Z,4156,248.6,132,OK,OK,OK
2026-07-20T09:56:51.169903Z,4096,248.6,132,OK,OK,OK
2026-07-20T09:57:51.240680Z,4069,248.5,132,OK,OK,OK
2026-07-20T09:58:51.311002Z,5403,248.4,132,OK,OK,OK
2026-07-20T09:59:51.381673Z,4175,248.8,132,OK,OK,OK
2026-07-20T10:00:51.452814Z,4159,248.5,132,OK,OK,OK
2026-07-20T10:01:52.705871Z,4190,248.0,132,OK,OK,OK
2026-07-20T10:02:52.776659Z,4108,248.1,132,OK,OK,OK
2026-07-20T10:03:52.847692Z,4079,248.1,132,OK,OK,OK
2026-07-20T10:04:52.918885Z,5243,248.0,132,OK,OK,OK
2026-07-20T10:05:53.026740Z,5240,248.1,132,OK,OK,OK
2026-07-20T10:06:53.100823Z,5217,248.1,132,OK,OK,OK
2026-07-20T10:07:53.172360Z,5221,248.0,294,OK,OK,OK
2026-07-20T10:08:53.243696Z,5283,248.0,294,OK,OK,OK
2026-07-20T10:09:53.315063Z,5218,248.2,294,OK,OK,OK
2026-07-20T10:10:53.386703Z,5510,247.8,294,OK,OK,OK
2026-07-20T10:11:53.458623Z,5304,247.9,294,OK,OK,OK
2026-07-20T10:12:53.530018Z,5191,247.9,294,OK,OK,OK
2026-07-20T10:13:53.601447Z,5269,247.8,294,OK,OK,OK
2026-07-20T10:14:53.672626Z,5258,247.7,294,OK,OK,OK
2026-07-20T10:15:53.744355Z,5239,247.9,294,OK,OK,OK
2026-07-20T10:16:55.093311Z,5302,248.0,294,OK,OK,OK
2026-07-20T10:17:55.165291Z,5235,247.9,294,OK,OK,OK
2026-07-20T10:18:55.236715Z,5257,247.9,294,OK,OK,OK
2026-07-20T10:19:55.308526Z,5336,247.9,294,OK,OK,OK
2026-07-20T10:20:55.379793Z,5195,248.0,294,OK,OK,OK
2026-07-20T10:21:55.451032Z,5153,247.8,294,OK,OK,OK
2026-07-20T10:22:55.522105Z,4280,247.9,475,OK,OK,OK
2026-07-20T10:23:55.593946Z,4201,247.9,475,OK,OK,OK
2026-07-20T10:24:55.665317Z,4160,247.9,475,OK,OK,OK
2026-07-20T10:25:55.736732Z,4128,247.9,475,OK,OK,OK
2026-07-20T10:26:55.808335Z,4120,247.8,475,OK,OK,OK
2026-07-20T10:27:55.880026Z,4087,247.5,475,OK,OK,OK
2026-07-20T10:28:55.951279Z,4093,247.6,475,OK,OK,OK
2026-07-20T10:29:56.022875Z,4223,247.4,475,OK,OK,OK
2026-07-20T10:30:56.093868Z,4194,247.6,475,OK,OK,OK
2026-07-20T10:31:57.682277Z,4161,247.8,475,OK,OK,OK
2026-07-20T10:32:57.754096Z,4088,247.9,475,OK,OK,OK
2026-07-20T10:33:57.825857Z,4117,247.9,475,OK,OK,OK
2026-07-20T10:34:57.897333Z,4082,248.4,475,OK,OK,OK
2026-07-20T10:35:57.969183Z,5695,248.1,475,OK,OK,OK
2026-07-20T10:36:58.040326Z,4505,248.2,475,OK,OK,OK
2026-07-20T10:37:58.111658Z,4242,248.2,753,OK,OK,OK
2026-07-20T10:38:58.183461Z,5133,248.8,753,OK,OK,OK
2026-07-20T10:39:58.255129Z,5039,248.8,753,OK,OK,OK
2026-07-20T10:40:58.313785Z,4958,248.7,753,OK,OK,OK
2026-07-20T10:41:58.383620Z,5049,248.7,753,OK,OK,OK
2026-07-20T10:42:58.454622Z,5196,248.3,753,OK,OK,OK
2026-07-20T10:43:58.525764Z,6737,248.3,753,OK,OK,OK
2026-07-20T10:44:58.596713Z,5050,248.3,753,OK,OK,OK
2026-07-20T10:45:58.667910Z,5036,248.3,753,OK,OK,OK
2026-07-20T10:47:00.049245Z,22731,247.5,753,OK,OK,OK
2026-07-20T10:48:00.120057Z,5066,248.2,753,OK,OK,OK
2026-07-20T10:49:00.190987Z,5242,248.2,753,OK,OK,OK
2026-07-20T10:50:00.261792Z,5233,248.2,753,OK,OK,OK
2026-07-20T10:51:00.333055Z,5343,248.1,753,OK,OK,OK
2026-07-20T10:52:00.404139Z,6487,248.1,753,OK,OK,OK
2026-07-20T10:53:00.475781Z,5325,247.9,1260,OK,OK,OK
2026-07-20T10:54:00.546926Z,5311,247.9,1260,OK,OK,OK
2026-07-20T10:55:00.618567Z,5206,247.9,1260,OK,OK,OK
2026-07-20T10:56:00.689444Z,4329,248.1,1260,OK,OK,OK
2026-07-20T10:57:00.760696Z,4302,248.0,1260,OK,OK,OK
2026-07-20T10:58:00.832133Z,4492,247.9,1260,OK,OK,OK
2026-07-20T10:59:00.903230Z,5845,248.1,1260,OK,OK,OK
2026-07-20T11:00:00.973915Z,4595,249.0,1260,OK,OK,OK
2026-07-20T11:01:02.641865Z,4476,248.9,1260,OK,OK,OK
2026-07-20T11:02:02.713205Z,4513,249.0,1260,OK,OK,OK
2026-07-20T11:03:02.784460Z,4270,249.2,1260,OK,OK,OK
2026-07-20T11:04:02.855353Z,4307,249.2,1260,OK,OK,OK
2026-07-20T11:05:02.926490Z,4171,249.2,1260,OK,OK,OK
2026-07-20T11:06:02.997381Z,4150,249.1,1260,OK,OK,OK
2026-07-20T11:07:03.068558Z,4176,249.2,1260,OK,OK,OK
2026-07-20T11:08:03.139269Z,4283,249.5,1496,OK,OK,OK
2026-07-20T11:09:03.210449Z,4107,249.3,1496,OK,OK,OK
2026-07-20T11:10:03.281540Z,5398,249.1,1496,OK,OK,OK
2026-07-20T11:11:03.352474Z,4230,249.3,1496,OK,OK,OK
2026-07-20T11:12:03.423612Z,4197,249.2,1496,OK,OK,OK
2026-07-20T11:13:03.494720Z,5282,249.3,1496,OK,OK,OK
2026-07-20T11:14:03.572065Z,4856,249.0,1496,OK,OK,OK
2026-07-20T11:15:03.644459Z,4958,249.2,1496,OK,OK,OK
2026-07-20T11:16:05.233170Z,4942,249.4,1496,OK,OK,OK
2026-07-20T11:17:05.304685Z,4898,249.2,1496,OK,OK,OK
2026-07-20T11:18:05.375812Z,4915,249.1,1496,OK,OK,OK
2026-07-20T11:19:05.447265Z,4985,249.2,1496,OK,OK,OK
2026-07-20T11:20:05.518687Z,4922,248.9,1496,OK,OK,OK
2026-07-20T11:21:05.589948Z,4970,249.2,1496,OK,OK,OK
2026-07-20T11:22:05.660803Z,4923,249.1,1496,OK,OK,OK
2026-07-20T11:23:05.732457Z,4902,249.1,1710,OK,OK,OK
2026-07-20T11:24:05.803091Z,4904,249.1,1710,OK,OK,OK
2026-07-20T11:25:05.874219Z,5019,249.1,1710,OK,OK,OK
2026-07-20T11:26:05.945803Z,4911,248.8,1710,OK,OK,OK
2026-07-20T11:27:06.017275Z,4875,249.0,1710,OK,OK,OK
2026-07-20T11:28:06.087865Z,5056,249.1,1710,OK,OK,OK
2026-07-20T11:29:06.159188Z,5164,248.9,1710,OK,OK,OK
2026-07-20T11:30:06.230734Z,4423,248.9,1710,OK,OK,OK
2026-07-20T11:31:07.579614Z,4433,249.1,1710,OK,OK,OK
2026-07-20T11:32:07.650737Z,4439,248.9,1710,OK,OK,OK
2026-07-20T11:33:07.721868Z,4455,248.6,1710,OK,OK,OK
2026-07-20T11:34:07.793250Z,4445,248.7,1710,OK,OK,OK
2026-07-20T11:35:07.864570Z,4518,248.8,1710,OK,OK,OK
2026-07-20T11:36:07.935590Z,4471,248.7,1710,OK,OK,OK
2026-07-20T11:37:08.006506Z,4473,248.8,1710,OK,OK,OK
2026-07-20T11:38:08.077485Z,4476,248.6,1961,OK,OK,OK
2026-07-20T11:39:08.148068Z,4447,248.6,1961,OK,OK,OK
2026-07-20T11:40:08.219219Z,6308,248.5,1961,OK,OK,OK
2026-07-20T11:41:08.290424Z,10200,248.4,1961,OK,OK,OK
2026-07-20T11:42:08.361050Z,6161,248.4,1961,OK,OK,OK
2026-07-20T11:43:08.432004Z,4492,248.7,1961,OK,OK,OK
2026-07-20T11:44:08.500419Z,4459,248.9,1961,OK,OK,OK
2026-07-20T11:45:08.570755Z,4463,248.8,1961,OK,OK,OK
2026-07-20T11:46:10.207574Z,6649,248.7,1961,OK,OK,OK
2026-07-20T11:47:10.278771Z,5204,248.7,1961,OK,OK,OK
2026-07-20T11:48:10.350409Z,4967,248.7,1961,OK,OK,OK
2026-07-20T11:49:10.421927Z,5604,248.4,1961,OK,OK,OK
2026-07-20T11:50:10.493540Z,5580,248.6,1961,OK,OK,OK
2026-07-20T11:51:10.564757Z,5523,248.6,1961,OK,OK,OK
2026-07-20T11:52:10.636623Z,5500,248.5,1961,OK,OK,OK
2026-07-20T11:53:10.708049Z,5479,248.8,2424,OK,OK,OK
2026-07-20T11:54:10.779619Z,5852,248.6,2424,OK,OK,OK
2026-07-20T11:55:10.851305Z,5902,248.6,2424,OK,OK,OK
2026-07-20T11:56:10.922700Z,5881,248.8,2424,OK,OK,OK
2026-07-20T11:57:10.994161Z,5828,249.2,2424,OK,OK,OK
2026-07-20T11:58:11.066015Z,5876,249.0,2424,OK,OK,OK
2026-07-20T11:59:11.137670Z,5854,248.9,2424,OK,OK,OK
2026-07-20T12:00:11.209181Z,6068,248.9,2424,OK,OK,OK
2026-07-20T12:01:12.781893Z,6551,248.2,2424,OK,OK,OK
2026-07-20T12:02:12.852956Z,7717,248.2,2424,OK,OK,OK
2026-07-20T12:03:12.924051Z,5721,248.2,2424,OK,OK,OK
2026-07-20T12:04:12.995349Z,5753,248.3,2424,OK,OK,OK
2026-07-20T12:05:13.066757Z,5829,248.4,2424,OK,OK,OK
2026-07-20T12:06:13.137860Z,5738,248.4,2424,OK,OK,OK
2026-07-20T12:07:13.209270Z,5736,249.1,2424,OK,OK,OK
2026-07-20T12:08:13.280456Z,5648,249.3,3351,OK,OK,OK
2026-07-20T12:09:13.351609Z,5662,249.1,3351,OK,OK,OK
2026-07-20T12:10:13.423285Z,8480,249.2,3351,OK,OK,OK
2026-07-20T12:11:13.494608Z,22897,248.3,3351,OK,OK,OK
2026-07-20T12:12:13.565731Z,21422,248.9,3351,OK,OK,OK
2026-07-20T12:13:13.636888Z,5558,249.9,3351,OK,OK,OK
2026-07-20T12:14:13.707890Z,5487,249.8,3351,OK,OK,OK
2026-07-20T12:15:13.779178Z,14494,249.1,3351,OK,OK,OK
2026-07-20T12:16:15.559846Z,20545,248.8,3351,OK,OK,OK
2026-07-20T12:17:15.631893Z,20419,248.9,3351,OK,OK,OK
2026-07-20T12:18:15.702982Z,20504,248.9,3351,OK,OK,OK
2026-07-20T12:19:15.774197Z,21548,248.8,3351,OK,OK,OK
2026-07-20T12:20:15.845341Z,22129,248.5,3351,OK,OK,OK
2026-07-20T12:21:15.937895Z,22077,248.6,3351,OK,OK,OK
2026-07-20T12:22:16.014144Z,20730,248.5,3351,OK,OK,OK
2026-07-20T12:23:16.085992Z,20727,248.5,4713,OK,OK,OK
2026-07-20T12:24:16.157706Z,22024,248.8,4713,OK,OK,OK
2026-07-20T12:25:16.229383Z,21919,248.9,4713,OK,OK,OK
2026-07-20T12:26:16.301079Z,21862,249.1,4713,OK,OK,OK
2026-07-20T12:27:16.372629Z,22064,249.2,4713,OK,OK,OK
2026-07-20T12:28:16.444392Z,20902,248.8,4713,OK,OK,OK
2026-07-20T12:29:16.516008Z,20884,248.9,4713,OK,OK,OK
2026-07-20T12:30:16.587949Z,20848,249.1,4713,OK,OK,OK
2026-07-20T12:31:18.240699Z,20853,249.1,4713,OK,OK,OK
2026-07-20T12:32:18.311823Z,20764,248.9,4713,OK,OK,OK
2026-07-20T12:33:18.383513Z,37875,248.4,4713,OK,OK,OK
2026-07-20T12:34:18.455599Z,37740,248.6,4713,OK,OK,OK
2026-07-20T12:35:18.526658Z,21065,249.2,4713,OK,OK,OK
2026-07-20T12:36:18.597059Z,20220,249.2,4713,OK,OK,OK
2026-07-20T12:37:18.685229Z,38432,248.5,4713,OK,OK,OK
2026-07-20T12:38:18.756751Z,20335,249.1,6205,OK,OK,OK
2026-07-20T12:39:18.828224Z,20306,249.2,6205,OK,OK,OK
2026-07-20T12:40:18.900241Z,21480,249.0,6205,OK,OK,OK
2026-07-20T12:41:18.972499Z,22378,249.0,6205,OK,OK,OK
2026-07-20T12:42:19.044362Z,21295,249.0,6205,OK,OK,OK
2026-07-20T12:43:19.116125Z,20865,249.0,6205,OK,OK,OK
2026-07-20T12:44:19.187498Z,21474,249.1,6205,OK,OK,OK
2026-07-20T12:45:19.259491Z,19676,249.4,6205,OK,OK,OK
2026-07-20T12:46:20.800236Z,19825,249.3,6205,OK,OK,OK
2026-07-20T12:47:20.871967Z,20992,249.0,6205,OK,OK,OK
2026-07-20T12:48:20.943911Z,20953,249.0,6205,OK,OK,OK
2026-07-20T12:49:21.016073Z,20723,248.9,6205,OK,OK,OK
2026-07-20T12:50:21.087779Z,21359,249.0,6205,OK,OK,OK
2026-07-20T12:51:21.159862Z,20945,248.8,6205,OK,OK,OK
2026-07-20T12:52:21.232028Z,22125,248.8,6205,OK,OK,OK
2026-07-20T12:53:21.303740Z,22025,248.8,7208,OK,OK,OK
2026-07-20T12:54:21.375331Z,21978,249.5,7208,OK,OK,OK
2026-07-20T12:55:21.446855Z,20778,249.6,7208,OK,OK,OK
2026-07-20T12:56:21.518029Z,21582,249.7,7208,OK,OK,OK
2026-07-20T12:57:21.589234Z,22012,249.8,7208,OK,OK,OK
2026-07-20T12:58:21.660574Z,20703,249.9,7208,OK,OK,OK
2026-07-20T12:59:21.732183Z,20647,249.8,7208,OK,OK,OK
2026-07-20T13:00:21.803282Z,37999,249.0,7208,OK,OK,OK
2026-07-20T13:01:23.168236Z,20599,250.0,7208,OK,OK,OK
2026-07-20T13:02:23.240063Z,37875,249.2,7208,OK,OK,OK
2026-07-20T13:03:23.312600Z,20714,249.8,7208,OK,OK,OK
2026-07-20T13:04:23.384657Z,20529,249.8,7208,OK,OK,OK
2026-07-20T13:05:23.457655Z,25321,249.9,7208,OK,OK,OK
2026-07-20T13:06:23.529170Z,24176,249.9,7208,OK,OK,OK
2026-07-20T13:07:23.602185Z,37022,249.2,7208,OK,OK,OK
2026-07-20T13:08:23.675137Z,36483,249.3,8038,OK,OK,OK
2026-07-20T13:09:23.717160Z,36764,249.4,8038,OK,OK,OK
2026-07-20T13:10:23.787166Z,35759,249.6,8038,OK,OK,OK
2026-07-20T13:11:23.856151Z,18755,250.1,8038,OK,OK,OK
2026-07-20T13:12:23.928007Z,36648,249.4,8038,OK,OK,OK
2026-07-20T13:13:24.002398Z,36158,249.6,8038,OK,OK,OK
2026-07-20T13:14:24.077169Z,36196,249.7,8038,OK,OK,OK
2026-07-20T13:15:24.151125Z,36056,249.6,8038,OK,OK,OK
2026-07-20T13:16:25.805988Z,22119,249.9,8038,OK,OK,OK
2026-07-20T13:17:25.876074Z,18805,250.2,8038,OK,OK,OK
2026-07-20T13:18:25.945966Z,18834,250.5,8038,OK,OK,OK
2026-07-20T13:19:26.015992Z,18641,250.4,8038,OK,OK,OK
2026-07-20T13:20:26.085761Z,18740,250.5,8038,OK,OK,OK
2026-07-20T13:21:26.156699Z,18772,250.7,8038,OK,OK,OK
2026-07-20T13:22:26.232258Z,18793,250.5,8038,OK,OK,OK
2026-07-20T13:23:26.307376Z,18824,250.5,8942,OK,OK,OK
2026-07-20T13:24:26.382867Z,18810,250.5,8942,OK,OK,OK
2026-07-20T13:25:26.458249Z,19786,250.6,8942,OK,OK,OK
2026-07-20T13:26:26.533939Z,19729,250.6,8942,OK,OK,OK
2026-07-20T13:27:26.609911Z,20849,250.6,8942,OK,OK,OK
2026-07-20T13:28:26.680649Z,19594,250.2,8942,OK,OK,OK
2026-07-20T13:29:26.751121Z,19713,250.4,8942,OK,OK,OK
2026-07-20T13:30:26.821728Z,19748,250.3,8942,OK,OK,OK
2026-07-20T13:31:28.218184Z,19653,250.3,8942,OK,OK,OK
2026-07-20T13:32:28.288208Z,19834,250.2,8942,OK,OK,OK
2026-07-20T13:33:28.390807Z,19562,250.5,8942,OK,OK,OK
2026-07-20T13:34:28.461377Z,19596,250.4,8942,OK,OK,OK
2026-07-20T13:35:28.531921Z,19573,250.5,8942,OK,OK,OK
2026-07-20T13:36:28.602657Z,19685,250.6,8942,OK,OK,OK
2026-07-20T13:37:28.673430Z,19668,250.6,8942,OK,OK,OK
2026-07-20T13:38:28.744904Z,19656,250.7,9955,OK,OK,OK
2026-07-20T13:39:28.815643Z,19547,250.6,9955,OK,OK,OK
2026-07-20T13:40:28.886246Z,19751,250.6,9955,OK,OK,OK
2026-07-20T13:41:28.956747Z,19821,250.6,9955,OK,OK,OK
2026-07-20T13:42:29.027252Z,21071,250.4,9955,OK,OK,OK
2026-07-20T13:43:29.098244Z,19067,250.6,9955,OK,OK,OK
2026-07-20T13:44:29.169406Z,20201,250.5,9955,OK,OK,OK
2026-07-20T13:45:29.271962Z,20214,250.6,9955,OK,OK,OK
2026-07-20T13:46:30.604328Z,20307,250.3,9955,OK,OK,OK
2026-07-20T13:47:30.675269Z,20824,250.4,9955,OK,OK,OK
2026-07-20T13:48:30.745764Z,20834,250.3,9955,OK,OK,OK
2026-07-20T13:49:30.816848Z,20763,250.3,9955,OK,OK,OK
2026-07-20T13:50:30.888102Z,22205,250.4,9955,OK,OK,OK
2026-07-20T13:51:30.960288Z,20990,250.3,9955,OK,OK,OK
2026-07-20T13:52:31.034335Z,20924,250.6,9955,OK,OK,OK
2026-07-20T13:53:31.110302Z,21016,250.5,9955,OK,OK,OK
2026-07-20T13:54:31.187707Z,21715,250.4,10192,OK,OK,OK
2026-07-20T13:55:31.265232Z,20755,250.5,10192,OK,OK,OK
2026-07-20T13:56:31.343342Z,21628,250.3,10192,OK,OK,OK
2026-07-20T13:57:31.421596Z,22089,250.5,10192,OK,OK,OK
2026-07-20T13:58:31.484074Z,22106,250.6,10192,OK,OK,OK
2026-07-20T13:59:31.546783Z,22623,250.7,10192,OK,OK,OK
2026-07-20T14:00:31.609166Z,24784,250.5,10192,OK,OK,OK
2026-07-20T14:01:32.725369Z,42141,249.5,10192,OK,OK,OK
2026-07-20T14:02:32.803753Z,41055,249.3,10192,OK,OK,OK
2026-07-20T14:03:32.881824Z,41533,249.3,10192,OK,OK,OK
2026-07-20T14:04:32.975994Z,41483,249.4,10192,OK,OK,OK
2026-07-20T14:05:33.038251Z,41680,249.3,10192,OK,OK,OK
2026-07-20T14:06:33.116496Z,41452,249.3,10192,OK,OK,OK
2026-07-20T14:07:33.194661Z,22913,250.3,10192,OK,OK,OK
2026-07-20T14:08:33.272818Z,25109,250.1,10192,OK,OK,OK
2026-07-20T14:09:33.351187Z,24338,250.0,10824,OK,OK,OK
2026-07-20T14:10:33.429637Z,24476,250.3,10824,OK,OK,OK
2026-07-20T14:11:33.491792Z,24466,250.3,10824,OK,OK,OK
2026-07-20T14:12:33.570433Z,24366,250.2,10824,OK,OK,OK
2026-07-20T14:13:33.648918Z,24372,250.1,10824,OK,OK,OK
2026-07-20T14:14:33.710790Z,24523,250.4,10824,OK,OK,OK
2026-07-20T14:15:33.773085Z,24177,250.1,10824,OK,OK,OK
2026-07-20T14:16:35.224890Z,24995,250.3,10824,OK,OK,OK
2026-07-20T14:17:35.303141Z,24993,250.0,10824,OK,OK,OK
2026-07-20T14:18:35.381087Z,23706,250.4,10824,OK,OK,OK
2026-07-20T14:19:35.458034Z,23680,250.3,10824,OK,OK,OK
2026-07-20T14:20:35.535975Z,24911,250.5,10824,OK,OK,OK
2026-07-20T14:21:35.614458Z,24851,250.3,10824,OK,OK,OK
2026-07-20T14:22:35.676593Z,23690,250.3,10824,OK,OK,OK
2026-07-20T14:23:35.754759Z,45232,249.3,10824,OK,OK,OK
2026-07-20T14:24:35.832716Z,45272,249.5,11553,OK,OK,OK
2026-07-20T14:25:35.911060Z,43502,249.6,11553,OK,OK,OK
2026-07-20T14:26:35.973448Z,42539,249.7,11553,OK,OK,OK
2026-07-20T14:27:36.051855Z,42398,249.6,11553,OK,OK,OK
2026-07-20T14:28:36.114327Z,42115,249.4,11553,OK,OK,OK
2026-07-20T14:29:36.176945Z,42290,249.4,11553,OK,OK,OK
2026-07-20T14:30:36.247280Z,27242,250.0,11553,OK,OK,OK
2026-07-20T14:31:38.114942Z,24260,250.0,11553,OK,OK,OK
2026-07-20T14:32:38.225594Z,24459,250.4,11553,OK,OK,OK
2026-07-20T14:33:38.287928Z,24077,250.1,11553,OK,OK,OK
2026-07-20T14:34:38.350222Z,24466,250.3,11553,OK,OK,OK
2026-07-20T14:35:38.412962Z,25445,249.8,11553,OK,OK,OK
2026-07-20T14:36:38.491160Z,24295,250.2,11553,OK,OK,OK
2026-07-20T14:37:38.569860Z,24345,250.4,11553,OK,OK,OK
2026-07-20T14:38:38.648604Z,24288,250.1,11553,OK,OK,OK
2026-07-20T14:39:38.726989Z,24375,250.1,11987,OK,OK,OK
2026-07-20T14:40:38.805673Z,24143,250.2,11987,OK,OK,OK
2026-07-20T14:41:38.868350Z,24137,250.0,11987,OK,OK,OK
2026-07-20T14:42:38.931053Z,24088,250.3,11987,OK,OK,OK
2026-07-20T14:43:39.009974Z,24173,250.3,11987,OK,OK,OK
2026-07-20T14:44:39.088374Z,43035,249.4,11987,OK,OK,OK
2026-07-20T14:45:39.150889Z,43310,249.4,11987,OK,OK,OK
2026-07-20T14:46:40.603143Z,43359,249.4,11987,OK,OK,OK
2026-07-20T14:47:40.681308Z,43265,249.5,11987,OK,OK,OK
2026-07-20T14:48:40.760303Z,43088,249.4,11987,OK,OK,OK
2026-07-20T14:49:40.838601Z,42854,249.5,11987,OK,OK,OK
2026-07-20T14:50:40.916846Z,41838,249.4,11987,OK,OK,OK
2026-07-20T14:51:40.979538Z,42208,249.4,11987,OK,OK,OK
2026-07-20T14:52:41.057922Z,23297,250.3,11987,OK,OK,OK
2026-07-20T14:53:41.120695Z,24560,250.2,11987,OK,OK,OK
2026-07-20T14:54:41.199491Z,23664,250.4,12655,OK,OK,OK
2026-07-20T14:55:41.262500Z,23238,250.3,12655,OK,OK,OK
2026-07-20T14:56:41.389187Z,24765,250.3,12655,OK,OK,OK
2026-07-20T14:57:41.451458Z,24208,250.3,12655,OK,OK,OK
2026-07-20T14:58:41.514157Z,23345,250.4,12655,OK,OK,OK
2026-07-20T14:59:41.592788Z,23878,250.3,12655,OK,OK,OK
2026-07-20T15:00:41.655553Z,23382,250.1,12655,OK,OK,OK
2026-07-20T15:01:43.172078Z,23329,249.9,12655,OK,OK,OK
2026-07-20T15:02:43.249123Z,23405,250.0,12655,OK,OK,OK
2026-07-20T15:03:43.325790Z,23344,250.1,12655,OK,OK,OK
2026-07-20T15:04:43.404034Z,23221,250.0,12655,OK,OK,OK
2026-07-20T15:05:43.466532Z,23206,250.0,12655,OK,OK,OK
2026-07-20T15:06:43.624823Z,43889,249.0,12655,OK,OK,OK
2026-07-20T15:07:43.703059Z,43797,248.9,12655,OK,OK,OK
2026-07-20T15:08:43.761250Z,43302,248.9,12655,OK,OK,OK
2026-07-20T15:09:43.838760Z,43548,249.1,12903,OK,OK,OK
2026-07-20T15:10:43.917317Z,43239,249.0,12903,OK,OK,OK
2026-07-20T15:11:43.995473Z,44812,248.9,12903,OK,OK,OK
2026-07-20T15:12:44.057898Z,44842,249.1,12903,OK,OK,OK
2026-07-20T15:13:44.136864Z,43495,248.8,12903,OK,OK,OK
2026-07-20T15:14:44.215205Z,24496,250.3,12903,OK,OK,OK
2026-07-20T15:15:44.293711Z,24306,249.9,12903,OK,OK,OK
2026-07-20T15:16:45.362603Z,24596,250.2,12903,OK,OK,OK
2026-07-20T15:17:45.425134Z,24301,249.9,12903,OK,OK,OK
2026-07-20T15:18:45.503673Z,24902,250.2,12903,OK,OK,OK
2026-07-20T15:19:45.566087Z,23831,250.1,12903,OK,OK,OK
2026-07-20T15:20:45.644421Z,23841,250.2,12903,OK,OK,OK
2026-07-20T15:21:45.707433Z,25131,250.2,12903,OK,OK,OK
2026-07-20T15:22:45.785737Z,23848,250.1,12903,OK,OK,OK
2026-07-20T15:23:45.864416Z,23782,250.0,12903,OK,OK,OK
2026-07-20T15:24:45.942549Z,23171,250.2,13345,OK,OK,OK
2026-07-20T15:25:46.020913Z,22954,250.2,13345,OK,OK,OK
2026-07-20T15:26:46.083555Z,22903,250.3,13345,OK,OK,OK
2026-07-20T15:27:46.161867Z,23286,250.2,13345,OK,OK,OK
2026-07-20T15:28:46.240292Z,44113,249.3,13345,OK,OK,OK
2026-07-20T15:29:46.302637Z,43970,249.3,13345,OK,OK,OK
2026-07-20T15:30:46.379376Z,42569,249.3,13345,OK,OK,OK
2026-07-20T15:31:47.895167Z,42547,249.2,13345,OK,OK,OK
2026-07-20T15:32:47.973634Z,42689,249.3,13345,OK,OK,OK
2026-07-20T15:33:48.084042Z,42202,249.3,13345,OK,OK,OK
2026-07-20T15:34:48.162614Z,42159,249.0,13345,OK,OK,OK
2026-07-20T15:35:48.225215Z,41934,249.2,13345,OK,OK,OK
2026-07-20T15:36:48.303775Z,22929,250.2,13345,OK,OK,OK
2026-07-20T15:37:48.382231Z,23012,250.2,13345,OK,OK,OK
2026-07-20T15:38:48.444811Z,23035,250.1,13345,OK,OK,OK
2026-07-20T15:39:48.554540Z,23043,250.2,14072,OK,OK,OK
2026-07-20T15:40:48.633108Z,24059,250.2,14072,OK,OK,OK
2026-07-20T15:41:48.695691Z,23950,250.4,14072,OK,OK,OK
2026-07-20T15:42:48.774399Z,23980,250.4,14072,OK,OK,OK
2026-07-20T15:43:48.852722Z,23808,250.2,14072,OK,OK,OK
2026-07-20T15:44:48.918246Z,23729,250.2,14072,OK,OK,OK
2026-07-20T15:45:48.978111Z,23920,250.0,14072,OK,OK,OK
2026-07-20T15:46:50.397403Z,24001,250.0,14072,OK,OK,OK
2026-07-20T15:47:50.459612Z,43911,249.4,14072,OK,OK,OK
2026-07-20T15:48:50.537335Z,43768,249.3,14072,OK,OK,OK
2026-07-20T15:49:50.599274Z,43202,249.2,14072,OK,OK,OK
2026-07-20T15:50:50.660980Z,43337,249.3,14072,OK,OK,OK
2026-07-20T15:51:50.738437Z,43149,249.4,14072,OK,OK,OK
2026-07-20T15:52:50.816549Z,43202,249.4,14072,OK,OK,OK
2026-07-20T15:53:50.894511Z,43203,249.4,14072,OK,OK,OK
2026-07-20T15:54:50.956583Z,43360,249.5,14121,OK,OK,OK
2026-07-20T15:55:51.018386Z,43480,249.5,14121,OK,OK,OK
2026-07-20T15:56:51.080210Z,23745,250.5,14121,OK,OK,OK
2026-07-20T15:57:51.158051Z,23843,250.2,14121,OK,OK,OK
2026-07-20T15:58:51.235533Z,23100,250.2,14121,OK,OK,OK
2026-07-20T15:59:51.297312Z,23012,250.2,14121,OK,OK,OK
2026-07-20T16:00:51.374960Z,23010,250.4,14121,OK,OK,OK
2026-07-20T16:01:52.874593Z,23159,250.4,14121,OK,OK,OK
2026-07-20T16:02:52.952106Z,23080,250.9,14121,OK,OK,OK
2026-07-20T16:03:53.045840Z,23119,250.9,14121,OK,OK,OK
2026-07-20T16:04:53.123418Z,23068,250.8,14121,OK,OK,OK
2026-07-20T16:05:53.185003Z,23040,250.8,14121,OK,OK,OK
2026-07-20T16:06:53.262689Z,42656,250.1,14121,OK,OK,OK
2026-07-20T16:07:53.324366Z,42379,249.9,14121,OK,OK,OK
2026-07-20T16:08:53.417963Z,27968,250.6,14121,OK,OK,OK
2026-07-20T16:09:53.479551Z,27483,250.6,14664,OK,OK,OK
2026-07-20T16:10:53.541098Z,11578,251.0,14664,OK,OK,OK
2026-07-20T16:11:53.602736Z,7748,251.2,14664,OK,OK,OK
2026-07-20T16:12:53.664469Z,8916,251.4,14664,OK,OK,OK
2026-07-20T16:13:53.725890Z,10028,251.2,14664,OK,OK,OK
2026-07-20T16:14:53.787634Z,8830,251.3,14664,OK,OK,OK
2026-07-20T16:15:53.865039Z,8607,251.4,14664,OK,OK,OK
2026-07-20T16:16:55.012410Z,8967,251.1,14664,OK,OK,OK
2026-07-20T16:17:55.089858Z,8554,250.4,14664,OK,OK,OK
2026-07-20T16:18:55.167401Z,10629,250.5,14664,OK,OK,OK
2026-07-20T16:19:55.257158Z,8659,251.0,14664,OK,OK,OK
2026-07-20T16:20:55.335838Z,8606,251.4,14664,OK,OK,OK
2026-07-20T16:21:55.414166Z,8630,251.2,14664,OK,OK,OK
2026-07-20T16:22:55.475903Z,8584,251.6,14664,OK,OK,OK
2026-07-20T16:23:55.553808Z,8545,251.5,14664,OK,OK,OK
2026-07-20T16:24:55.615762Z,8714,251.2,14549,OK,OK,OK
2026-07-20T16:25:55.693353Z,8640,251.2,14549,OK,OK,OK
2026-07-20T16:26:55.771374Z,8604,251.2,14549,OK,OK,OK
2026-07-20T16:27:55.848931Z,8600,251.2,14549,OK,OK,OK
2026-07-20T16:28:55.910836Z,8608,251.3,14549,OK,OK,OK
2026-07-20T16:29:55.988321Z,9910,251.4,14549,OK,OK,OK
2026-07-20T16:30:56.066101Z,8905,251.4,14549,OK,OK,OK
2026-07-20T16:31:57.485532Z,8080,251.3,14549,OK,OK,OK
2026-07-20T16:32:57.563493Z,8613,251.5,14549,OK,OK,OK
2026-07-20T16:33:57.641156Z,8378,251.3,14549,OK,OK,OK
2026-07-20T16:34:57.718848Z,8643,250.4,14549,OK,OK,OK
2026-07-20T16:35:57.796759Z,8493,250.4,14549,OK,OK,OK
2026-07-20T16:36:57.874641Z,8682,250.2,14549,OK,OK,OK
2026-07-20T16:37:57.937044Z,8726,250.4,14549,OK,OK,OK
2026-07-20T16:38:58.015004Z,8846,250.4,14549,OK,OK,OK
2026-07-20T16:39:58.092854Z,8485,250.4,14713,OK,OK,OK
2026-07-20T16:40:58.170895Z,8483,250.5,14713,OK,OK,OK
2026-07-20T16:41:58.248745Z,8575,250.5,14713,OK,OK,OK
2026-07-20T16:42:58.326705Z,8578,250.5,14713,OK,OK,OK
2026-07-20T16:43:58.404568Z,8857,250.3,14713,OK,OK,OK
2026-07-20T16:44:58.466469Z,8486,250.3,14713,OK,OK,OK
2026-07-20T16:45:58.544454Z,9807,250.1,14713,OK,OK,OK
2026-07-20T16:47:00.235517Z,8638,250.1,14713,OK,OK,OK
2026-07-20T16:48:00.313829Z,9771,249.8,14713,OK,OK,OK
2026-07-20T16:49:00.391776Z,9491,249.8,14713,OK,OK,OK
2026-07-20T16:50:00.469933Z,9391,249.6,14713,OK,OK,OK
2026-07-20T16:51:00.531846Z,9511,249.5,14713,OK,OK,OK
2026-07-20T16:52:00.593734Z,10706,249.3,14713,OK,OK,OK
2026-07-20T16:53:00.669499Z,9460,249.7,14713,OK,OK,OK
2026-07-20T16:54:00.743793Z,10060,249.7,14713,OK,OK,OK
2026-07-20T16:55:00.805496Z,9688,249.7,14702,OK,OK,OK
2026-07-20T16:56:00.883291Z,9194,249.6,14702,OK,OK,OK
2026-07-20T16:57:00.960813Z,9342,249.7,14702,OK,OK,OK
2026-07-20T16:58:01.038537Z,9331,249.3,14702,OK,OK,OK
2026-07-20T16:59:01.116348Z,9379,249.6,14702,OK,OK,OK
2026-07-20T17:00:01.177919Z,9275,249.5,14702,OK,OK,OK
2026-07-20T17:01:02.581623Z,9254,249.5,14702,OK,OK,OK
2026-07-20T17:02:02.659662Z,9336,249.5,14702,OK,OK,OK
2026-07-20T17:03:02.737443Z,9266,249.5,14702,OK,OK,OK
2026-07-20T17:04:02.814910Z,9211,249.2,14702,OK,OK,OK
2026-07-20T17:05:02.892858Z,9062,249.2,14702,OK,OK,OK
2026-07-20T17:06:02.954431Z,8387,249.3,14702,OK,OK,OK
2026-07-20T17:07:03.016420Z,8706,249.2,14702,OK,OK,OK
2026-07-20T17:08:03.078489Z,9819,249.2,14702,OK,OK,OK
2026-07-20T17:09:03.156355Z,9491,249.1,14702,OK,OK,OK
2026-07-20T17:10:03.218354Z,8626,249.9,14659,OK,OK,OK
2026-07-20T17:11:03.295621Z,8677,250.1,14659,OK,OK,OK
2026-07-20T17:12:03.374037Z,8485,249.9,14659,OK,OK,OK
2026-07-20T17:13:03.452030Z,8491,250.1,14659,OK,OK,OK
2026-07-20T17:14:03.529832Z,8414,250.4,14659,OK,OK,OK
2026-07-20T17:15:03.591997Z,8415,250.3,14659,OK,OK,OK
2026-07-20T17:16:04.820080Z,8444,250.3,14659,OK,OK,OK
2026-07-20T17:17:04.897866Z,8516,250.1,14659,OK,OK,OK
2026-07-20T17:18:04.975772Z,9835,250.1,14659,OK,OK,OK
2026-07-20T17:19:05.053574Z,27045,249.2,14659,OK,OK,OK
2026-07-20T17:20:05.131598Z,25563,249.5,14659,OK,OK,OK
2026-07-20T17:21:05.170045Z,8638,250.1,14659,OK,OK,OK
2026-07-20T17:22:05.246364Z,26592,249.4,14659,OK,OK,OK
2026-07-20T17:23:05.324030Z,44396,248.5,14659,OK,OK,OK
2026-07-20T17:24:05.385582Z,44351,248.7,14659,OK,OK,OK
2026-07-20T17:25:05.463105Z,28182,249.1,14597,OK,OK,OK
2026-07-20T17:26:05.539748Z,26795,249.5,14597,OK,OK,OK
2026-07-20T17:27:05.617198Z,26904,249.4,14597,OK,OK,OK
2026-07-20T17:28:05.678701Z,9505,250.2,14597,OK,OK,OK
2026-07-20T17:29:05.756124Z,9521,250.1,14597,OK,OK,OK
2026-07-20T17:30:05.833410Z,9530,250.0,14597,OK,OK,OK
2026-07-20T17:31:07.300303Z,9262,250.0,14597,OK,OK,OK
2026-07-20T17:32:07.361312Z,9411,250.1,14597,OK,OK,OK
2026-07-20T17:33:07.438384Z,9242,250.1,14597,OK,OK,OK
2026-07-20T17:34:07.499420Z,9178,249.9,14597,OK,OK,OK
2026-07-20T17:35:07.576069Z,9284,249.9,14597,OK,OK,OK
2026-07-20T17:36:07.653172Z,9095,249.9,14597,OK,OK,OK
2026-07-20T17:37:07.714457Z,9128,249.7,14597,OK,OK,OK
2026-07-20T17:38:07.791734Z,9506,249.5,14597,OK,OK,OK
2026-07-20T17:39:07.853180Z,9220,249.5,14597,OK,OK,OK
2026-07-20T17:40:07.929956Z,9281,249.3,14563,OK,OK,OK
2026-07-20T17:41:08.007579Z,9504,248.7,14563,OK,OK,OK
2026-07-20T17:42:08.085099Z,8222,249.0,14563,OK,OK,OK
2026-07-20T17:43:08.162495Z,9512,248.6,14563,OK,OK,OK
2026-07-20T17:44:08.239872Z,8362,249.2,14563,OK,OK,OK
2026-07-20T17:45:08.301171Z,9109,249.2,14563,OK,OK,OK
2026-07-20T17:46:10.040522Z,9528,249.2,14563,OK,OK,OK
2026-07-20T17:47:10.118106Z,9649,249.1,14563,OK,OK,OK
2026-07-20T17:48:10.195511Z,28312,248.3,14563,OK,OK,OK
2026-07-20T17:49:10.272716Z,28388,248.3,14563,OK,OK,OK
2026-07-20T17:50:10.334113Z,28669,248.2,14563,OK,OK,OK
2026-07-20T17:51:10.411585Z,45196,247.4,14563,OK,OK,OK
2026-07-20T17:52:10.472780Z,28855,248.2,14563,OK,OK,OK
2026-07-20T17:53:10.549833Z,11949,249.1,14563,OK,OK,OK
2026-07-20T17:54:10.638895Z,8457,249.1,14563,OK,OK,OK
2026-07-20T17:55:10.704213Z,8531,249.0,14577,OK,OK,OK
2026-07-20T17:56:10.781692Z,8467,249.3,14577,OK,OK,OK
2026-07-20T17:57:10.859270Z,8470,249.4,14577,OK,OK,OK
2026-07-20T17:58:10.936983Z,9567,249.4,14577,OK,OK,OK
2026-07-20T17:59:11.014472Z,9556,249.4,14577,OK,OK,OK
2026-07-20T18:00:11.076064Z,9302,248.9,14577,OK,OK,OK
2026-07-20T18:01:12.511873Z,10339,249.4,14577,OK,OK,OK
2026-07-20T18:02:12.573575Z,9261,249.7,14577,OK,OK,OK
2026-07-20T18:03:12.634960Z,9107,249.8,14577,OK,OK,OK
2026-07-20T18:04:12.712846Z,9027,249.7,14577,OK,OK,OK
2026-07-20T18:05:12.790364Z,9072,249.7,14577,OK,OK,OK
2026-07-20T18:06:12.852136Z,9019,249.8,14577,OK,OK,OK
2026-07-20T18:07:12.914048Z,9069,249.8,14577,OK,OK,OK
2026-07-20T18:08:12.991619Z,9009,249.9,14577,OK,OK,OK
2026-07-20T18:09:13.069027Z,10169,249.6,14577,OK,OK,OK
2026-07-20T18:10:13.130788Z,10215,249.5,14278,OK,OK,OK
2026-07-20T18:11:13.208772Z,8895,249.3,14278,OK,OK,OK
2026-07-20T18:12:13.286051Z,8845,249.5,14278,OK,OK,OK
2026-07-20T18:13:13.363175Z,8787,249.9,14278,OK,OK,OK
2026-07-20T18:14:13.425064Z,8924,250.0,14278,OK,OK,OK
2026-07-20T18:15:13.502522Z,9379,250.0,14278,OK,OK,OK
2026-07-20T18:16:14.857812Z,10190,249.7,14278,OK,OK,OK
2026-07-20T18:17:14.935725Z,8068,249.8,14278,OK,OK,OK
2026-07-20T18:18:15.013331Z,8075,249.7,14278,OK,OK,OK
2026-07-20T18:19:15.074978Z,9213,249.9,14278,OK,OK,OK
2026-07-20T18:20:15.152585Z,8136,249.8,14278,OK,OK,OK
2026-07-20T18:21:15.214243Z,8238,249.8,14278,OK,OK,OK
2026-07-20T18:22:15.275558Z,28652,249.1,14278,OK,OK,OK
2026-07-20T18:23:15.352948Z,28195,249.1,14278,OK,OK,OK
2026-07-20T18:24:15.429953Z,28123,248.9,14278,OK,OK,OK
2026-07-20T18:25:15.507555Z,28112,247.9,14230,OK,OK,OK
2026-07-20T18:26:15.605743Z,30354,248.2,14230,OK,OK,OK
2026-07-20T18:27:15.686781Z,30342,248.2,14230,OK,OK,OK
2026-07-20T18:28:15.764533Z,9990,249.1,14230,OK,OK,OK
2026-07-20T18:29:15.826217Z,8342,249.3,14230,OK,OK,OK
2026-07-20T18:30:15.888205Z,8475,249.0,14230,OK,OK,OK
2026-07-20T18:31:17.228187Z,8380,249.2,14230,OK,OK,OK
2026-07-20T18:32:17.305876Z,8368,248.6,14230,OK,OK,OK
2026-07-20T18:33:17.368091Z,9452,249.2,14230,OK,OK,OK
2026-07-20T18:34:17.445906Z,9279,249.3,14230,OK,OK,OK
2026-07-20T18:35:17.523511Z,9226,249.9,14230,OK,OK,OK
2026-07-20T18:36:17.601365Z,9327,249.5,14230,OK,OK,OK
2026-07-20T18:37:17.679121Z,9307,249.3,14230,OK,OK,OK
2026-07-20T18:38:17.757092Z,9320,249.3,14230,OK,OK,OK
2026-07-20T18:39:17.835097Z,10586,249.2,14230,OK,OK,OK
2026-07-20T18:40:17.913257Z,10436,249.3,13933,OK,OK,OK
2026-07-20T18:41:17.991023Z,10549,249.2,13933,OK,OK,OK
2026-07-20T18:42:18.068965Z,9348,249.4,13933,OK,OK,OK
2026-07-20T18:43:18.146888Z,10790,249.1,13933,OK,OK,OK
2026-07-20T18:44:18.224920Z,10305,249.2,13933,OK,OK,OK
2026-07-20T18:45:18.302531Z,8978,249.2,13933,OK,OK,OK
2026-07-20T18:46:19.801827Z,28780,248.2,13933,OK,OK,OK
2026-07-20T18:47:19.879573Z,29105,247.2,13933,OK,OK,OK
2026-07-20T18:48:19.973066Z,28762,247.3,13933,OK,OK,OK
2026-07-20T18:49:20.051191Z,29174,247.3,13933,OK,OK,OK
2026-07-20T18:50:20.129198Z,28928,247.0,13933,OK,OK,OK
2026-07-20T18:51:20.206670Z,29313,247.3,13933,OK,OK,OK
2026-07-20T18:52:20.284222Z,29221,247.2,13933,OK,OK,OK
2026-07-20T18:53:20.361961Z,8720,248.2,13933,OK,OK,OK
2026-07-20T18:54:20.439939Z,7940,249.4,13933,OK,OK,OK
2026-07-20T18:55:20.517776Z,7977,249.6,13927,OK,OK,OK
2026-07-20T18:56:20.595878Z,7945,250.2,13927,OK,OK,OK
2026-07-20T18:57:20.673387Z,7018,250.0,13927,OK,OK,OK
2026-07-20T18:58:20.751485Z,7066,250.7,13927,OK,OK,OK
2026-07-20T18:59:20.829395Z,7350,250.6,13927,OK,OK,OK
2026-07-20T19:00:20.907401Z,9110,250.6,13927,OK,OK,OK
2026-07-20T19:01:22.343194Z,7322,250.7,13927,OK,OK,OK
2026-07-20T19:02:22.412179Z,7261,250.8,13927,OK,OK,OK
2026-07-20T19:03:22.462238Z,7187,250.8,13927,OK,OK,OK
2026-07-20T19:04:22.539029Z,7289,250.7,13927,OK,OK,OK
2026-07-20T19:05:22.600293Z,7693,250.8,13927,OK,OK,OK
2026-07-20T19:06:22.677180Z,7302,250.6,13927,OK,OK,OK
2026-07-20T19:07:22.753890Z,26811,249.5,13927,OK,OK,OK
2026-07-20T19:08:22.830778Z,27232,248.7,13927,OK,OK,OK
2026-07-20T19:09:22.891508Z,27357,248.7,13927,OK,OK,OK
2026-07-20T19:10:22.968213Z,28499,248.7,13328,OK,OK,OK
2026-07-20T19:11:23.044853Z,28298,248.9,13328,OK,OK,OK
2026-07-20T19:12:23.121443Z,28150,248.9,13328,OK,OK,OK
2026-07-20T19:13:23.198402Z,27708,248.8,13328,OK,OK,OK
2026-07-20T19:14:23.275281Z,27945,248.9,13328,OK,OK,OK
2026-07-20T19:15:23.352207Z,8149,249.7,13328,OK,OK,OK
2026-07-20T19:16:24.866876Z,8077,250.3,13328,OK,OK,OK
2026-07-20T19:17:24.943565Z,9332,250.1,13328,OK,OK,OK
2026-07-20T19:18:25.004687Z,9364,250.5,13328,OK,OK,OK
2026-07-20T19:19:25.066050Z,8166,250.5,13328,OK,OK,OK
2026-07-20T19:20:25.127150Z,8095,250.1,13328,OK,OK,OK
2026-07-20T19:21:25.188222Z,7996,249.7,13328,OK,OK,OK
2026-07-20T19:22:25.249679Z,8100,249.9,13328,OK,OK,OK
2026-07-20T19:23:25.326701Z,7975,249.7,13328,OK,OK,OK
2026-07-20T19:24:25.404126Z,8189,249.8,13328,OK,OK,OK
2026-07-20T19:25:25.481336Z,7814,249.7,12917,OK,OK,OK
2026-07-20T19:26:25.558591Z,8009,249.5,12917,OK,OK,OK
2026-07-20T19:27:25.635210Z,27821,248.9,12917,OK,OK,OK
2026-07-20T19:28:25.712258Z,28173,248.5,12917,OK,OK,OK
2026-07-20T19:29:25.789018Z,27974,247.8,12917,OK,OK,OK
2026-07-20T19:30:25.866210Z,27225,247.6,12917,OK,OK,OK
2026-07-20T19:31:27.252930Z,27271,247.8,12917,OK,OK,OK
2026-07-20T19:32:27.314081Z,27654,247.8,12917,OK,OK,OK
2026-07-20T19:33:27.390999Z,27272,248.0,12917,OK,OK,OK
2026-07-20T19:34:27.499807Z,27544,248.0,12917,OK,OK,OK
2026-07-20T19:35:27.576569Z,27338,248.1,12917,OK,OK,OK
2026-07-20T19:36:27.653463Z,7267,248.8,12917,OK,OK,OK
2026-07-20T19:37:27.730273Z,7880,249.3,12917,OK,OK,OK
2026-07-20T19:38:27.828633Z,9440,249.1,12917,OK,OK,OK
2026-07-20T19:39:27.916581Z,7926,249.6,12917,OK,OK,OK
2026-07-20T19:40:27.994304Z,7777,249.4,12337,OK,OK,OK
2026-07-20T19:41:28.071314Z,7765,249.6,12337,OK,OK,OK
2026-07-20T19:42:28.148027Z,7663,249.6,12337,OK,OK,OK
2026-07-20T19:43:28.225847Z,7699,249.5,12337,OK,OK,OK
2026-07-20T19:44:28.287708Z,7737,249.7,12337,OK,OK,OK
2026-07-20T19:45:28.365306Z,8690,249.7,12337,OK,OK,OK
2026-07-20T19:46:29.896491Z,27751,248.9,12337,OK,OK,OK
2026-07-20T19:47:29.974096Z,28490,248.6,12337,OK,OK,OK
2026-07-20T19:48:30.051219Z,28953,248.6,12337,OK,OK,OK
2026-07-20T19:49:30.160280Z,28521,247.6,12337,OK,OK,OK
2026-07-20T19:50:30.237860Z,29192,247.6,12337,OK,OK,OK
2026-07-20T19:51:30.315055Z,29541,247.6,12337,OK,OK,OK
2026-07-20T19:52:30.392238Z,28537,247.6,12337,OK,OK,OK
2026-07-20T19:53:30.469435Z,28520,247.6,12337,OK,OK,OK
2026-07-20T19:54:30.546624Z,28296,247.6,12337,OK,OK,OK
2026-07-20T19:55:30.624033Z,28249,247.6,11941,OK,OK,OK
2026-07-20T19:56:30.685954Z,11705,248.1,11941,OK,OK,OK
2026-07-20T19:57:30.763319Z,8260,248.3,11941,OK,OK,OK
2026-07-20T19:58:30.840439Z,8279,248.8,11941,OK,OK,OK
2026-07-20T19:59:30.917899Z,8248,249.0,11941,OK,OK,OK
2026-07-20T20:00:30.994936Z,9347,249.0,11941,OK,OK,OK
2026-07-20T20:01:32.381883Z,8215,249.3,11941,OK,OK,OK
2026-07-20T20:02:32.459004Z,8215,249.3,11941,OK,OK,OK
2026-07-20T20:03:32.536286Z,8184,249.2,11941,OK,OK,OK
2026-07-20T20:04:32.613173Z,8090,249.2,11941,OK,OK,OK
2026-07-20T20:05:32.690285Z,7301,249.3,11941,OK,OK,OK
2026-07-20T20:06:32.767026Z,27234,248.3,11941,OK,OK,OK
2026-07-20T20:07:32.844016Z,27239,247.8,11941,OK,OK,OK
2026-07-20T20:08:32.920821Z,27566,246.8,11941,OK,OK,OK
2026-07-20T20:09:32.997759Z,27786,246.7,11941,OK,OK,OK
2026-07-20T20:10:33.075131Z,27758,245.1,11941,OK,OK,OK
2026-07-20T20:11:33.152311Z,28041,245.3,11295,OK,OK,OK
2026-07-20T20:12:33.249134Z,27680,245.3,11295,OK,OK,OK
2026-07-20T20:13:33.327487Z,27893,245.4,11295,OK,OK,OK
2026-07-20T20:14:33.404670Z,28959,245.0,11295,OK,OK,OK
2026-07-20T20:15:33.481794Z,28395,244.9,11295,OK,OK,OK
2026-07-20T20:16:34.868781Z,28515,244.8,11295,OK,OK,OK
2026-07-20T20:17:34.946216Z,11415,246.2,11295,OK,OK,OK
2026-07-20T20:18:35.023877Z,8801,246.3,11295,OK,OK,OK
2026-07-20T20:19:35.085483Z,9012,246.5,11295,OK,OK,OK
2026-07-20T20:20:35.162380Z,9839,246.6,11295,OK,OK,OK
2026-07-20T20:21:35.237714Z,9579,247.1,11295,OK,OK,OK
2026-07-20T20:22:35.313304Z,9420,247.0,11295,OK,OK,OK
2026-07-20T20:23:35.389903Z,9448,247.0,11295,OK,OK,OK
2026-07-20T20:24:35.467408Z,9426,247.1,11295,OK,OK,OK
2026-07-20T20:25:35.544498Z,29119,246.0,11295,OK,OK,OK
2026-07-20T20:26:35.621680Z,29422,245.9,10541,OK,OK,OK
2026-07-20T20:27:35.698824Z,31198,245.1,10541,OK,OK,OK
2026-07-20T20:28:35.775640Z,29452,245.5,10541,OK,OK,OK
2026-07-20T20:29:35.836550Z,28944,245.5,10541,OK,OK,OK
2026-07-20T20:30:35.912942Z,45863,245.0,10541,OK,OK,OK
2026-07-20T20:31:37.204550Z,28752,245.6,10541,OK,OK,OK
2026-07-20T20:32:37.281664Z,28605,245.6,10541,OK,OK,OK
2026-07-20T20:33:37.358511Z,28798,245.4,10541,OK,OK,OK
2026-07-20T20:34:37.435141Z,28735,245.2,10541,OK,OK,OK
2026-07-20T20:35:37.511956Z,29229,245.1,10541,OK,OK,OK
2026-07-20T20:36:37.588990Z,28597,244.9,10541,OK,OK,OK
2026-07-20T20:37:37.665884Z,28891,245.2,10541,OK,OK,OK
2026-07-20T20:38:37.742864Z,9162,246.5,10541,OK,OK,OK
2026-07-20T20:39:37.819984Z,10210,246.4,10541,OK,OK,OK
2026-07-20T20:40:37.896667Z,9086,246.7,10541,OK,OK,OK
2026-07-20T20:41:37.973647Z,9369,246.4,9683,OK,OK,OK
2026-07-20T20:42:38.050971Z,8082,246.8,9683,OK,OK,OK
2026-07-20T20:43:38.128068Z,8008,246.8,9683,OK,OK,OK
2026-07-20T20:44:38.204811Z,7996,246.9,9683,OK,OK,OK
2026-07-20T20:45:38.281870Z,27507,245.9,9683,OK,OK,OK
2026-07-20T20:46:39.876490Z,27904,245.9,9683,OK,OK,OK
2026-07-20T20:47:39.941081Z,27786,245.4,9683,OK,OK,OK
2026-07-20T20:48:40.017034Z,29303,246.2,9683,OK,OK,OK
2026-07-20T20:49:40.093725Z,28061,246.0,9683,OK,OK,OK
2026-07-20T20:50:40.169821Z,28010,245.7,9683,OK,OK,OK
2026-07-20T20:51:40.244735Z,27980,245.8,9683,OK,OK,OK
2026-07-20T20:52:40.321358Z,27972,246.0,9683,OK,OK,OK
2026-07-20T20:53:40.397821Z,27850,245.7,9683,OK,OK,OK
2026-07-20T20:54:40.474826Z,28012,245.6,9683,OK,OK,OK
2026-07-20T20:55:40.551975Z,27803,245.7,9683,OK,OK,OK
2026-07-20T20:56:40.629116Z,27921,246.0,9323,OK,OK,OK
2026-07-20T20:57:40.705951Z,28030,246.5,9323,OK,OK,OK
2026-07-20T20:58:40.782347Z,29293,246.4,9323,OK,OK,OK
2026-07-20T20:59:40.859410Z,12800,247.2,9323,OK,OK,OK
2026-07-20T21:00:40.936337Z,9111,247.2,9323,OK,OK,OK
2026-07-20T21:01:42.531136Z,10319,247.2,9323,OK,OK,OK
2026-07-20T21:17:48.710706Z,28187,246.2,9323,OK,OK,OK
2026-07-20T21:18:50.258858Z,27928,246.3,9323,OK,OK,OK
2026-07-20T21:19:50.337266Z,27861,246.5,9323,OK,OK,OK
2026-07-20T21:20:50.415292Z,27762,246.3,9323,OK,OK,OK
2026-07-20T21:21:50.487156Z,27810,246.1,9323,OK,OK,OK
2026-07-20T21:22:50.549046Z,27969,246.0,9323,OK,OK,OK
2026-07-20T21:23:50.624943Z,27707,246.0,9323,OK,OK,OK
2026-07-20T21:24:50.701676Z,28577,246.0,9323,OK,OK,OK
2026-07-20T21:25:50.778138Z,7836,247.1,9323,OK,OK,OK
2026-07-20T21:26:50.854444Z,7844,247.1,7792,OK,OK,OK
2026-07-20T21:27:50.931211Z,7669,246.2,7792,OK,OK,OK
2026-07-20T21:28:51.005942Z,9066,246.2,7792,OK,OK,OK
2026-07-20T21:29:51.081224Z,9023,246.3,7792,OK,OK,OK
2026-07-20T21:30:51.155699Z,7999,246.3,7792,OK,OK,OK
2026-07-20T21:31:52.348138Z,26878,245.6,7792,OK,OK,OK
2026-07-20T21:32:52.423289Z,28818,245.7,7792,OK,OK,OK
2026-07-20T21:33:52.496228Z,28539,245.7,7792,OK,OK,OK
2026-07-20T21:34:52.569718Z,28717,245.6,7792,OK,OK,OK
2026-07-20T21:35:52.642600Z,28485,245.7,7792,OK,OK,OK
2026-07-20T21:36:52.715554Z,28463,245.8,7792,OK,OK,OK
2026-07-20T21:37:52.788670Z,28399,245.5,7792,OK,OK,OK
2026-07-20T21:38:52.861517Z,28400,245.4,7792,OK,OK,OK
2026-07-20T21:39:52.933736Z,28608,245.4,7792,OK,OK,OK
2026-07-20T21:40:53.006201Z,28840,245.3,7792,OK,OK,OK
2026-07-20T21:41:53.078882Z,28606,245.1,7077,OK,OK,OK
2026-07-20T21:42:53.151104Z,28652,243.9,7077,OK,OK,OK
2026-07-20T21:43:53.223633Z,28732,245.4,7077,OK,OK,OK
2026-07-20T21:44:53.295821Z,28337,244.2,7077,OK,OK,OK
2026-07-20T21:45:53.367356Z,28261,245.1,7077,OK,OK,OK
2026-07-20T21:46:54.716923Z,28694,245.5,7077,OK,OK,OK
2026-07-20T21:47:54.788487Z,28487,244.4,7077,OK,OK,OK
2026-07-20T21:48:54.860296Z,28371,245.1,7077,OK,OK,OK
2026-07-20T21:49:54.931805Z,28494,244.5,7077,OK,OK,OK
2026-07-20T21:50:55.034720Z,28490,244.4,7077,OK,OK,OK
2026-07-20T21:51:55.105854Z,8520,245.9,7077,OK,OK,OK
2026-07-20T21:52:55.176999Z,7825,246.3,7077,OK,OK,OK
2026-07-20T21:53:55.247750Z,7812,246.4,7077,OK,OK,OK
2026-07-20T21:54:55.318150Z,7723,246.9,7077,OK,OK,OK
2026-07-20T21:55:55.387890Z,7743,247.6,7077,OK,OK,OK
2026-07-20T21:56:55.458120Z,7761,247.6,6151,OK,OK,OK
2026-07-20T21:57:55.528786Z,10131,247.8,6151,OK,OK,OK
2026-07-20T21:58:55.580180Z,29159,246.8,6151,OK,OK,OK
2026-07-20T21:59:55.642667Z,28098,246.4,6151,OK,OK,OK
2026-07-20T22:00:55.711807Z,28294,245.8,6151,OK,OK,OK
2026-07-20T22:01:57.139034Z,29086,246.1,6151,OK,OK,OK
2026-07-20T22:02:57.208638Z,27781,245.7,6151,OK,OK,OK
2026-07-20T22:03:57.278344Z,27834,245.8,6151,OK,OK,OK
2026-07-20T22:04:57.347508Z,27644,245.6,6151,OK,OK,OK
2026-07-20T22:05:57.416896Z,27646,245.6,6151,OK,OK,OK
2026-07-20T22:06:57.486446Z,27773,245.5,6151,OK,OK,OK
2026-07-20T22:07:57.556018Z,28768,244.8,6151,OK,OK,OK
2026-07-20T22:08:57.657216Z,28826,244.7,6151,OK,OK,OK
2026-07-20T22:09:57.726795Z,28463,244.7,6151,OK,OK,OK
2026-07-20T22:10:57.796704Z,29090,244.6,6151,OK,OK,OK
2026-07-20T22:11:57.866247Z,28248,244.4,5436,OK,OK,OK
2026-07-20T22:12:57.936036Z,28452,244.4,5436,OK,OK,OK
2026-07-20T22:13:58.005738Z,29926,244.2,5436,OK,OK,OK
2026-07-20T22:14:58.075418Z,29548,243.9,5436,OK,OK,OK
2026-07-20T22:15:58.145342Z,28325,244.5,5436,OK,OK,OK
2026-07-20T22:16:59.875694Z,12171,245.0,5436,OK,OK,OK
2026-07-20T22:17:59.961576Z,10208,245.4,5436,OK,OK,OK
2026-07-20T22:19:00.044564Z,11943,246.2,5436,OK,OK,OK
2026-07-20T22:19:20.345342Z,8966,246.5,,DEGRADED,OK,OFFLINE
2026-07-20T22:20:20.416018Z,8821,246.5,4942,OK,OK,OK
2026-07-20T22:20:42.029558Z,909,246.3,,DEGRADED,OK,OFFLINE
2026-07-20T22:21:42.099064Z,1028,246.1,4867,OK,OK,OK
2026-07-20T22:22:42.168063Z,875,246.2,4867,OK,OK,OK
2026-07-20T22:23:42.236926Z,2801,245.4,4867,OK,OK,OK
2026-07-20T22:24:42.305336Z,2867,245.3,4867,OK,OK,OK
2026-07-20T22:25:42.374460Z,2909,245.5,4867,OK,OK,OK
2026-07-20T22:26:42.443225Z,2896,245.3,4867,OK,OK,OK
2026-07-20T22:27:42.511819Z,3000,244.5,4867,OK,OK,OK
2026-07-20T22:28:42.580030Z,3111,244.8,4867,OK,OK,OK
2026-07-20T22:29:42.648941Z,3118,244.9,4867,OK,OK,OK
2026-07-20T22:30:42.717901Z,3086,244.9,4867,OK,OK,OK
2026-07-20T22:31:44.080187Z,3084,244.9,4867,OK,OK,OK
2026-07-20T22:32:44.148830Z,3077,245.0,4867,OK,OK,OK
2026-07-20T22:33:44.218092Z,3060,244.9,4867,OK,OK,OK
2026-07-20T22:34:44.286827Z,3166,245.0,4867,OK,OK,OK
2026-07-20T22:35:44.355387Z,4897,244.7,4867,OK,OK,OK
2026-07-20T22:36:44.425822Z,3186,245.4,3838,OK,OK,OK
2026-07-20T22:37:44.493955Z,3088,245.7,3838,OK,OK,OK
2026-07-20T22:38:44.562941Z,3088,245.2,3838,OK,OK,OK
2026-07-20T22:39:44.632083Z,3174,245.2,3838,OK,OK,OK
2026-07-20T22:40:44.700989Z,3056,245.3,3838,OK,OK,OK
2026-07-20T22:41:44.769992Z,3208,245.0,3838,OK,OK,OK
2026-07-20T22:42:44.839182Z,1168,245.9,3838,OK,OK,OK
2026-07-20T22:43:44.908524Z,1290,245.9,3838,OK,OK,OK
2026-07-20T22:44:44.977633Z,1399,245.8,3838,OK,OK,OK
2026-07-20T22:45:45.046909Z,1357,245.8,3838,OK,OK,OK
2026-07-20T22:46:46.793054Z,1233,245.9,3838,OK,OK,OK
2026-07-20T22:47:46.861914Z,1239,245.8,3838,OK,OK,OK
2026-07-20T22:48:46.931096Z,3193,244.4,3838,OK,OK,OK
2026-07-20T22:49:47.000117Z,3195,244.7,3838,OK,OK,OK
2026-07-20T22:50:47.069809Z,3170,244.8,3838,OK,OK,OK
2026-07-20T22:51:47.140474Z,3160,244.9,2915,OK,OK,OK
2026-07-20T22:52:47.208844Z,3187,244.9,2915,OK,OK,OK
2026-07-20T22:53:47.309776Z,3160,244.9,2915,OK,OK,OK
2026-07-20T22:54:47.378616Z,3174,244.9,2915,OK,OK,OK
2026-07-20T22:55:47.447884Z,3238,245.5,2915,OK,OK,OK
2026-07-20T22:56:47.517398Z,3332,245.5,2915,OK,OK,OK
2026-07-20T22:57:47.586597Z,3234,246.0,2915,OK,OK,OK
2026-07-20T22:58:47.671920Z,3224,246.0,2915,OK,OK,OK
2026-07-20T22:59:47.741367Z,3216,245.2,2915,OK,OK,OK
2026-07-20T23:00:47.810759Z,3185,245.3,2915,OK,OK,OK
2026-07-20T23:01:49.237895Z,3188,245.1,2915,OK,OK,OK
2026-07-20T23:02:49.307177Z,1634,245.8,2915,OK,OK,OK
2026-07-20T23:03:49.376301Z,1282,246.1,2915,OK,OK,OK
2026-07-20T23:04:49.445799Z,1207,246.0,2915,OK,OK,OK
2026-07-20T23:05:49.515106Z,1207,246.1,2915,OK,OK,OK
2026-07-20T23:06:49.582945Z,1211,246.0,2143,OK,OK,OK
2026-07-20T23:07:49.643360Z,1211,246.1,2143,OK,OK,OK
2026-07-20T23:08:49.712316Z,1248,245.2,2143,OK,OK,OK
2026-07-20T23:09:49.781399Z,3068,244.2,2143,OK,OK,OK
2026-07-20T23:10:49.850764Z,3112,244.2,2143,OK,OK,OK
2026-07-20T23:11:49.919982Z,3117,244.0,2143,OK,OK,OK
2026-07-20T23:12:49.988621Z,3105,244.2,2143,OK,OK,OK
2026-07-20T23:13:50.057682Z,3104,244.2,2143,OK,OK,OK
2026-07-20T23:14:50.126903Z,3119,244.3,2143,OK,OK,OK
2026-07-20T23:15:50.196032Z,3081,244.1,2143,OK,OK,OK
2026-07-20T23:16:51.702852Z,3111,244.7,2143,OK,OK,OK
2026-07-20T23:17:51.772306Z,3108,245.0,2143,OK,OK,OK
2026-07-20T23:18:51.841607Z,3108,245.1,2143,OK,OK,OK
2026-07-20T23:19:51.910641Z,3226,244.8,2143,OK,OK,OK
2026-07-20T23:20:51.979872Z,3646,244.6,2143,OK,OK,OK
2026-07-20T23:21:52.048896Z,3181,244.9,1030,OK,OK,OK
2026-07-20T23:22:52.119636Z,3180,244.9,1030,OK,OK,OK
2026-07-20T23:23:52.188051Z,1642,245.4,1030,OK,OK,OK
2026-07-20T23:24:52.256712Z,1291,245.1,1030,OK,OK,OK
2026-07-20T23:25:52.325434Z,1290,245.3,1030,OK,OK,OK
2026-07-20T23:26:52.394640Z,1280,245.2,1030,OK,OK,OK
2026-07-20T23:27:52.463810Z,1279,245.3,1030,OK,OK,OK
2026-07-20T23:28:52.533046Z,1286,245.1,1030,OK,OK,OK
2026-07-20T23:29:52.602263Z,1270,244.0,1030,OK,OK,OK
2026-07-20T23:30:52.671243Z,3122,243.2,1030,OK,OK,OK
2026-07-20T23:31:54.257146Z,3138,243.1,1030,OK,OK,OK
2026-07-20T23:32:54.326051Z,3125,243.4,1030,OK,OK,OK
2026-07-20T23:33:54.395337Z,3097,243.4,1030,OK,OK,OK
2026-07-20T23:34:54.464437Z,3107,243.4,1030,OK,OK,OK
2026-07-20T23:35:54.533256Z,3103,243.7,1030,OK,OK,OK
2026-07-20T23:36:54.642043Z,3165,244.2,501,OK,OK,OK
2026-07-20T23:37:54.716017Z,3095,244.3,501,OK,OK,OK
2026-07-20T23:38:54.785805Z,3107,245.3,501,OK,OK,OK
2026-07-20T23:39:54.855696Z,3031,245.2,501,OK,OK,OK
2026-07-20T23:40:54.925802Z,3058,245.3,501,OK,OK,OK
2026-07-20T23:41:54.995986Z,3046,245.2,501,OK,OK,OK
2026-07-20T23:42:55.065859Z,3015,245.4,501,OK,OK,OK
2026-07-20T23:43:55.135966Z,1152,246.4,501,OK,OK,OK
2026-07-20T23:44:55.205676Z,1148,246.1,501,OK,OK,OK
2026-07-20T23:45:55.276215Z,1143,246.1,501,OK,OK,OK
2026-07-20T23:46:56.751450Z,1155,246.0,501,OK,OK,OK
2026-07-20T23:47:56.821356Z,1184,245.2,501,OK,OK,OK
2026-07-20T23:48:56.890952Z,1149,245.2,501,OK,OK,OK
2026-07-20T23:49:56.960772Z,1154,244.9,501,OK,OK,OK
2026-07-20T23:50:57.030601Z,1139,245.0,501,OK,OK,OK
2026-07-20T23:51:57.100927Z,3030,243.3,260,OK,OK,OK
2026-07-20T23:52:57.204511Z,3013,243.2,260,OK,OK,OK
2026-07-20T23:53:57.273826Z,3019,243.2,260,OK,OK,OK
2026-07-20T23:54:57.343291Z,3132,243.3,260,OK,OK,OK
2026-07-20T23:55:57.413033Z,3115,243.3,260,OK,OK,OK
2026-07-20T23:56:57.483067Z,3228,243.4,260,OK,OK,OK
2026-07-20T23:57:57.552655Z,3125,243.9,260,OK,OK,OK
2026-07-20T23:58:57.622901Z,3166,244.4,260,OK,OK,OK
2026-07-20T23:59:57.692614Z,3126,244.9,260,OK,OK,OK
2026-07-21T00:00:57.762486Z,3140,244.5,260,OK,OK,OK
2026-07-21T00:01:59.221682Z,3128,244.7,260,OK,OK,OK
2026-07-21T00:02:59.291857Z,1288,245.7,260,OK,OK,OK
2026-07-21T00:03:59.361823Z,1276,245.5,260,OK,OK,OK
2026-07-21T00:04:59.431471Z,1271,245.7,260,OK,OK,OK
2026-07-21T00:05:59.501217Z,1273,245.7,260,OK,OK,OK
2026-07-21T00:06:59.571041Z,1281,245.8,144,OK,OK,OK
2026-07-21T00:07:59.628759Z,1280,245.7,144,OK,OK,OK
2026-07-21T00:08:59.697601Z,1284,245.6,144,OK,OK,OK
2026-07-21T00:09:59.767519Z,1272,245.6,144,OK,OK,OK
2026-07-21T00:10:59.837322Z,3139,244.8,144,OK,OK,OK
2026-07-21T00:11:59.907522Z,3135,245.0,144,OK,OK,OK
2026-07-21T00:12:59.977322Z,3134,245.0,144,OK,OK,OK
2026-07-21T00:14:00.047080Z,3152,244.4,144,OK,OK,OK
2026-07-21T00:15:00.116300Z,3146,243.5,144,OK,OK,OK
2026-07-21T00:16:01.703418Z,3155,243.5,144,OK,OK,OK
2026-07-21T00:17:01.773175Z,3274,243.7,144,OK,OK,OK
2026-07-21T00:18:01.843184Z,3282,243.4,144,OK,OK,OK
2026-07-21T00:19:01.912903Z,3163,243.6,144,OK,OK,OK
2026-07-21T00:20:01.982397Z,3168,243.6,144,OK,OK,OK
2026-07-21T00:21:02.051928Z,3835,243.8,144,OK,OK,OK
2026-07-21T00:22:02.122275Z,1808,244.6,0,OK,OK,OK
2026-07-21T00:23:02.193217Z,1489,245.1,0,OK,OK,OK
2026-07-21T00:24:02.262687Z,1590,245.2,0,OK,OK,OK
2026-07-21T00:25:02.332152Z,1445,245.3,0,OK,OK,OK
2026-07-21T00:26:02.401702Z,1466,245.1,0,OK,OK,OK
2026-07-21T00:27:02.471349Z,1445,245.1,0,OK,OK,OK
2026-07-21T00:28:02.541233Z,1460,245.1,0,OK,OK,OK
2026-07-21T00:29:02.611134Z,1492,245.2,0,OK,OK,OK
2026-07-21T00:30:02.680969Z,3389,244.5,0,OK,OK,OK
2026-07-21T00:31:04.411583Z,3388,244.6,0,OK,OK,OK
2026-07-21T00:32:04.481309Z,3455,244.6,0,OK,OK,OK
2026-07-21T00:33:04.551050Z,3876,244.5,0,OK,OK,OK
2026-07-21T00:34:04.620647Z,3883,244.7,0,OK,OK,OK
2026-07-21T00:35:04.690457Z,3900,244.5,0,OK,OK,OK
2026-07-21T00:36:04.760118Z,4042,244.4,0,OK,OK,OK
2026-07-21T00:37:04.829544Z,3904,244.5,0,OK,OK,OK
2026-07-21T00:38:04.899408Z,4031,244.6,0,OK,OK,OK
2026-07-21T00:39:04.969618Z,4015,244.7,0,OK,OK,OK
2026-07-21T00:40:05.031347Z,2178,244.5,0,OK,OK,OK
2026-07-21T00:41:05.100646Z,2110,244.6,0,OK,OK,OK
2026-07-21T00:42:05.170478Z,2095,244.7,0,OK,OK,OK
2026-07-21T00:43:05.239731Z,2105,244.6,0,OK,OK,OK
2026-07-21T00:44:05.309290Z,2105,244.6,0,OK,OK,OK
2026-07-21T00:45:05.378873Z,2200,244.7,0,OK,OK,OK
2026-07-21T00:46:06.885985Z,2107,245.2,0,OK,OK,OK
2026-07-21T00:47:06.955715Z,2104,245.5,0,OK,OK,OK
2026-07-21T00:48:07.025670Z,2105,245.4,0,OK,OK,OK
2026-07-21T00:49:07.095385Z,3894,244.3,0,OK,OK,OK
2026-07-21T00:50:07.164909Z,4040,244.2,0,OK,OK,OK
2026-07-21T00:51:07.234446Z,3918,244.3,0,OK,OK,OK
2026-07-21T00:52:07.320060Z,3945,244.5,0,OK,OK,OK
2026-07-21T00:53:07.389670Z,3963,244.6,0,OK,OK,OK
2026-07-21T00:54:07.459559Z,3960,244.6,0,OK,OK,OK
2026-07-21T00:55:07.529037Z,3951,244.8,0,OK,OK,OK
2026-07-21T00:56:07.598769Z,3955,244.8,0,OK,OK,OK
2026-07-21T00:57:07.667971Z,3962,244.9,0,OK,OK,OK
2026-07-21T00:58:07.737965Z,2118,245.7,0,OK,OK,OK
2026-07-21T00:59:07.807513Z,2118,245.6,0,OK,OK,OK
2026-07-21T01:00:07.877121Z,2124,245.6,0,OK,OK,OK
2026-07-21T01:01:09.543869Z,2003,245.7,0,OK,OK,OK
2026-07-21T01:02:09.613594Z,2072,245.7,0,OK,OK,OK
2026-07-21T01:03:09.683295Z,1984,245.8,0,OK,OK,OK
2026-07-21T01:04:09.753073Z,1956,245.7,0,OK,OK,OK
2026-07-21T01:05:09.822758Z,1958,244.9,0,OK,OK,OK
2026-07-21T01:06:09.893531Z,1931,244.9,0,OK,OK,OK
2026-07-21T01:07:09.963629Z,1953,244.7,0,OK,OK,OK
2026-07-21T01:08:10.033547Z,3782,244.0,0,OK,OK,OK
2026-07-21T01:09:10.103977Z,3871,244.0,0,OK,OK,OK
2026-07-21T01:10:10.173901Z,3993,243.8,0,OK,OK,OK
2026-07-21T01:11:10.244268Z,3994,244.4,0,OK,OK,OK
2026-07-21T01:12:10.345926Z,3881,244.7,0,OK,OK,OK
2026-07-21T01:13:10.415298Z,3890,244.7,0,OK,OK,OK
2026-07-21T01:14:10.491425Z,3870,244.9,0,OK,OK,OK
2026-07-21T01:15:10.561401Z,3916,244.9,0,OK,OK,OK
2026-07-21T01:16:06.974973Z,3919,245.0,,DEGRADED,OK,OFFLINE
2026-07-21T01:17:07.043932Z,2464,245.7,0,OK,OK,OK
2026-07-21T01:18:07.111478Z,2068,246.1,0,OK,OK,OK
2026-07-21T01:19:07.180084Z,1969,246.1,0,OK,OK,OK
2026-07-21T01:20:07.248422Z,2081,245.8,0,OK,OK,OK
2026-07-21T01:21:07.348804Z,1952,245.7,0,OK,OK,OK
2026-07-21T01:22:07.418434Z,2080,245.7,0,OK,OK,OK
2026-07-21T01:23:07.486999Z,2075,245.8,0,OK,OK,OK
2026-07-21T01:24:07.556019Z,1932,245.7,0,OK,OK,OK
2026-07-21T01:25:07.624659Z,2058,245.7,0,OK,OK,OK
2026-07-21T01:26:07.693819Z,1945,245.6,0,OK,OK,OK
2026-07-21T01:27:07.779265Z,1942,245.7,0,OK,OK,OK
2026-07-21T01:28:07.849064Z,3753,244.9,0,OK,OK,OK
2026-07-21T01:29:07.918422Z,3714,245.3,0,OK,OK,OK
2026-07-21T01:30:07.988343Z,3697,245.3,0,OK,OK,OK
2026-07-21T01:31:09.655267Z,3690,244.6,0,OK,OK,OK
2026-07-21T01:32:09.725110Z,3690,244.6,0,OK,OK,OK
2026-07-21T01:33:09.795067Z,3717,244.6,0,OK,OK,OK
2026-07-21T01:34:09.864823Z,3603,244.7,0,OK,OK,OK
2026-07-21T01:35:09.934480Z,3451,245.1,0,OK,OK,OK
2026-07-21T01:36:10.004033Z,1967,245.6,0,OK,OK,OK
2026-07-21T01:37:10.073595Z,1603,245.5,0,OK,OK,OK
2026-07-21T01:38:10.143269Z,1733,245.8,0,OK,OK,OK
2026-07-21T01:39:10.213152Z,1616,245.5,0,OK,OK,OK
2026-07-21T01:40:10.282686Z,2516,244.7,0,OK,OK,OK
2026-07-21T01:41:10.384498Z,3148,244.6,0,OK,OK,OK
2026-07-21T01:42:10.454645Z,3184,244.5,0,OK,OK,OK
2026-07-21T01:43:10.524601Z,3123,244.6,0,OK,OK,OK
2026-07-21T01:44:10.594462Z,3142,244.5,0,OK,OK,OK
2026-07-21T01:45:10.664194Z,3254,244.4,0,OK,OK,OK
2026-07-21T01:46:12.027774Z,3211,244.7,0,OK,OK,OK
2026-07-21T01:47:12.097439Z,3213,244.7,0,OK,OK,OK
2026-07-21T01:48:12.167211Z,3214,244.5,0,OK,OK,OK
2026-07-21T01:49:12.245756Z,5105,243.8,0,OK,OK,OK
2026-07-21T01:50:12.314624Z,5403,243.6,0,OK,OK,OK
2026-07-21T01:51:12.384351Z,5228,243.6,0,OK,OK,OK
2026-07-21T01:52:12.453786Z,5163,243.7,0,OK,OK,OK
2026-07-21T01:53:12.523499Z,5158,243.6,0,OK,OK,OK
2026-07-21T01:54:12.625216Z,5161,243.8,0,OK,OK,OK
2026-07-21T01:55:12.694784Z,5164,243.8,0,OK,OK,OK
2026-07-21T01:56:12.764129Z,3704,244.4,0,OK,OK,OK
2026-07-21T01:57:12.834096Z,3357,244.4,0,OK,OK,OK
2026-07-21T01:58:12.904168Z,3218,244.3,0,OK,OK,OK
2026-07-21T01:59:12.973516Z,3218,244.4,0,OK,OK,OK
2026-07-21T02:00:13.043686Z,3194,243.6,0,OK,OK,OK
2026-07-21T02:01:15.078157Z,3218,243.7,0,OK,OK,OK
2026-07-21T02:02:15.148849Z,3519,243.6,0,OK,OK,OK
2026-07-21T02:03:15.219429Z,3410,243.6,0,OK,OK,OK
2026-07-21T02:04:15.289855Z,3349,243.9,0,OK,OK,OK
2026-07-21T02:05:15.359472Z,3284,244.5,0,OK,OK,OK
2026-07-21T02:06:15.430065Z,3352,244.7,0,OK,OK,OK
2026-07-21T02:07:15.499305Z,3354,244.9,0,OK,OK,OK
2026-07-21T02:08:15.568665Z,3351,244.9,0,OK,OK,OK
2026-07-21T02:09:15.638197Z,3362,244.8,0,OK,OK,OK
2026-07-21T02:10:15.756129Z,3354,244.8,0,OK,OK,OK
2026-07-21T02:11:15.825546Z,5180,243.8,0,OK,OK,OK
2026-07-21T02:12:15.895224Z,5159,243.8,0,OK,OK,OK
2026-07-21T02:13:15.964734Z,5169,243.8,0,OK,OK,OK
2026-07-21T02:14:16.034098Z,5159,243.8,0,OK,OK,OK
2026-07-21T02:15:16.103878Z,5165,243.8,0,OK,OK,OK
2026-07-21T02:16:17.546746Z,5178,243.9,0,OK,OK,OK
2026-07-21T02:17:17.615130Z,5159,243.9,0,OK,OK,OK
2026-07-21T02:18:17.683514Z,3368,244.7,0,OK,OK,OK
2026-07-21T02:19:17.751693Z,3363,244.6,0,OK,OK,OK
2026-07-21T02:20:17.821989Z,3467,244.6,0,OK,OK,OK
2026-07-21T02:21:17.891599Z,3452,244.4,0,OK,OK,OK
2026-07-21T02:22:17.959784Z,3564,244.5,0,OK,OK,OK
2026-07-21T02:23:18.028362Z,3563,244.8,0,OK,OK,OK
2026-07-21T02:24:18.096942Z,3376,243.6,0,OK,OK,OK
2026-07-21T02:25:18.169569Z,3380,244.0,0,OK,OK,OK
2026-07-21T02:26:18.246429Z,3398,244.0,0,OK,OK,OK
2026-07-21T02:27:18.316491Z,3373,244.1,0,OK,OK,OK
2026-07-21T02:28:18.386159Z,3385,244.0,0,OK,OK,OK
2026-07-21T02:29:18.456468Z,3211,244.2,0,OK,OK,OK
2026-07-21T02:30:18.526658Z,3232,243.0,0,OK,OK,OK
2026-07-21T02:31:19.874553Z,3173,243.0,0,OK,OK,OK
2026-07-21T02:32:19.944820Z,3181,243.1,0,OK,OK,OK
2026-07-21T02:33:20.014910Z,3469,243.1,0,OK,OK,OK
2026-07-21T02:34:20.085076Z,3333,243.0,0,OK,OK,OK
2026-07-21T02:35:20.155324Z,5135,242.7,0,OK,OK,OK
2026-07-21T02:36:20.225775Z,4975,242.8,0,OK,OK,OK
2026-07-21T02:37:20.296708Z,4970,243.2,0,OK,OK,OK
2026-07-21T02:38:20.367233Z,4948,243.3,0,OK,OK,OK
2026-07-21T02:39:20.438296Z,4949,243.4,0,OK,OK,OK
2026-07-21T02:40:20.508996Z,5250,243.2,0,OK,OK,OK
2026-07-21T02:41:20.580252Z,5293,243.2,0,OK,OK,OK
2026-07-21T02:42:20.651473Z,5085,243.2,0,OK,OK,OK
2026-07-21T02:43:20.722530Z,4839,243.4,0,OK,OK,OK
2026-07-21T02:44:20.793245Z,4482,243.4,0,OK,OK,OK
2026-07-21T02:45:20.864464Z,4527,243.5,0,OK,OK,OK
2026-07-21T02:46:22.916297Z,4540,243.5,0,OK,OK,OK
2026-07-21T02:47:22.987228Z,5152,243.2,0,OK,OK,OK
2026-07-21T02:48:23.058332Z,4659,243.6,0,OK,OK,OK
2026-07-21T02:49:23.177219Z,4612,243.6,0,OK,OK,OK
2026-07-21T02:50:23.248527Z,4515,243.8,0,OK,OK,OK
2026-07-21T02:51:23.319779Z,4508,243.8,0,OK,OK,OK
2026-07-21T02:52:23.390890Z,4488,243.9,0,OK,OK,OK
2026-07-21T02:53:23.462361Z,4752,244.0,0,OK,OK,OK
2026-07-21T02:54:23.533305Z,4664,244.0,0,OK,OK,OK
2026-07-21T02:55:23.636584Z,2849,244.6,0,OK,OK,OK
2026-07-21T02:56:23.707609Z,2937,244.6,0,OK,OK,OK
2026-07-21T02:57:23.778870Z,2831,244.8,0,OK,OK,OK
2026-07-21T02:58:23.849715Z,2812,244.8,0,OK,OK,OK
2026-07-21T02:59:23.921167Z,2792,244.7,0,OK,OK,OK
2026-07-21T03:00:23.992404Z,2804,244.5,0,OK,OK,OK
2026-07-21T03:01:25.501010Z,3123,244.5,0,OK,OK,OK
2026-07-21T03:02:25.554169Z,4785,244.1,0,OK,OK,OK
2026-07-21T03:03:25.621684Z,4758,244.5,0,OK,OK,OK
2026-07-21T03:04:25.692312Z,4672,244.5,0,OK,OK,OK
2026-07-21T03:05:25.762904Z,4585,244.6,0,OK,OK,OK
2026-07-21T03:06:25.833581Z,4584,244.4,0,OK,OK,OK
2026-07-21T03:07:25.904633Z,4586,244.4,0,OK,OK,OK
2026-07-21T03:08:25.975525Z,4928,244.1,0,OK,OK,OK
2026-07-21T03:09:26.046447Z,4735,244.5,0,OK,OK,OK
2026-07-21T03:10:26.117811Z,4713,244.5,0,OK,OK,OK
2026-07-21T03:11:26.188533Z,4578,244.5,0,OK,OK,OK
2026-07-21T03:12:26.259396Z,4696,244.7,0,OK,OK,OK
2026-07-21T03:13:26.330114Z,4703,245.1,0,OK,OK,OK
2026-07-21T03:14:26.400740Z,2823,246.0,0,OK,OK,OK
2026-07-21T03:15:26.471175Z,3137,245.9,0,OK,OK,OK
2026-07-21T03:16:28.075399Z,2924,246.1,0,OK,OK,OK
2026-07-21T03:17:28.146093Z,2837,245.9,0,OK,OK,OK
2026-07-21T03:18:28.217063Z,2712,246.0,0,OK,OK,OK
2026-07-21T03:19:28.287872Z,2698,245.9,0,OK,OK,OK
2026-07-21T03:20:28.358792Z,2702,245.9,0,OK,OK,OK
2026-07-21T03:21:28.429770Z,2732,245.8,0,OK,OK,OK
2026-07-21T03:22:28.500701Z,4350,245.1,0,OK,OK,OK
2026-07-21T03:23:28.571923Z,4676,245.0,0,OK,OK,OK
2026-07-21T03:24:28.643220Z,4637,245.2,0,OK,OK,OK
2026-07-21T03:25:28.714043Z,4497,244.3,0,OK,OK,OK
2026-07-21T03:26:28.785163Z,4480,244.3,0,OK,OK,OK
2026-07-21T03:27:28.855901Z,4473,244.5,0,OK,OK,OK
2026-07-21T03:28:28.927021Z,4495,244.9,0,OK,OK,OK
2026-07-21T03:29:28.998188Z,4773,244.7,0,OK,OK,OK
2026-07-21T03:30:29.069365Z,4705,245.0,0,OK,OK,OK
2026-07-21T03:31:30.833596Z,4614,244.9,0,OK,OK,OK
2026-07-21T03:32:30.904944Z,4532,244.9,0,OK,OK,OK
2026-07-21T03:33:30.975883Z,2881,245.9,0,OK,OK,OK
2026-07-21T03:34:31.046845Z,2856,246.0,0,OK,OK,OK
2026-07-21T03:35:31.117879Z,2837,246.0,0,OK,OK,OK
2026-07-21T03:36:31.194232Z,3022,246.1,0,OK,OK,OK
2026-07-21T03:37:31.268531Z,3140,246.1,0,OK,OK,OK
2026-07-21T03:38:31.339696Z,2968,245.7,0,OK,OK,OK
2026-07-21T03:39:31.411306Z,2847,245.7,0,OK,OK,OK
2026-07-21T03:40:31.482807Z,2841,245.5,0,OK,OK,OK
2026-07-21T03:41:31.553614Z,2831,245.4,0,OK,OK,OK
2026-07-21T03:42:31.625020Z,4575,244.9,0,OK,OK,OK
2026-07-21T03:43:31.696239Z,4641,244.9,0,OK,OK,OK
2026-07-21T03:44:31.767537Z,4923,244.9,0,OK,OK,OK
2026-07-21T03:45:31.839145Z,4829,245.1,0,OK,OK,OK
2026-07-21T03:46:33.236399Z,4736,245.2,0,OK,OK,OK
2026-07-21T03:47:33.307996Z,4624,245.1,0,OK,OK,OK
2026-07-21T03:48:33.379474Z,4614,245.5,0,OK,OK,OK
2026-07-21T03:49:33.451072Z,4584,245.6,0,OK,OK,OK
2026-07-21T03:50:33.522222Z,4607,245.9,0,OK,OK,OK
2026-07-21T03:51:33.593533Z,4606,245.9,0,OK,OK,OK
2026-07-21T03:52:33.664979Z,3146,246.4,0,OK,OK,OK
2026-07-21T03:53:33.736997Z,2885,246.5,0,OK,OK,OK
2026-07-21T03:54:33.808422Z,2878,246.7,0,OK,OK,OK
2026-07-21T03:55:33.880002Z,2758,246.4,0,OK,OK,OK
2026-07-21T03:56:33.951453Z,2752,246.1,0,OK,OK,OK
2026-07-21T03:57:34.022596Z,2737,246.2,0,OK,OK,OK
2026-07-21T03:58:34.093895Z,2750,246.3,0,OK,OK,OK
2026-07-21T03:59:34.165069Z,2764,246.6,0,OK,OK,OK
