Timestamp (UTC),Net Grid Power (W),Phase A Voltage (V),Hoymiles Active Power (W),Bridge Status,Meter Status,Hoymiles Status
2026-07-26T15:34:19.950011Z,0,,,HARDWARE_OFFLINE,OFFLINE,OFFLINE
2026-07-26T15:42:51.503027Z,0,,,HARDWARE_OFFLINE,OFFLINE,OFFLINE
2026-07-26T15:43:51.512711Z,0,,,HARDWARE_OFFLINE,OFFLINE,OFFLINE
2026-07-26T15:44:51.529619Z,0,,,HARDWARE_OFFLINE,OFFLINE,OFFLINE
2026-07-26T15:45:51.540711Z,0,,,HARDWARE_OFFLINE,OFFLINE,OFFLINE
2026-07-26T15:49:57.630185Z,0,,,HARDWARE_OFFLINE,OFFLINE,OFFLINE
2026-07-26T16:17:25.430622Z,0,,,HARDWARE_OFFLINE,OFFLINE,OFFLINE
2026-07-26T16:18:25.434734Z,0,,,HARDWARE_OFFLINE,OFFLINE,OFFLINE
2026-07-26T16:30:51.031596Z,0,,,HARDWARE_OFFLINE,OFFLINE,OFFLINE
2026-07-26T16:31:51.038773Z,0,,,HARDWARE_OFFLINE,OFFLINE,OFFLINE
2026-07-26T16:35:54.192785Z,0,,,HARDWARE_OFFLINE,OFFLINE,OFFLINE
2026-07-26T16:36:17.759292Z,0,,,HARDWARE_OFFLINE,OFFLINE,OFFLINE
2026-07-26T16:36:43.774181Z,0,,,HARDWARE_OFFLINE,OFFLINE,OFFLINE
2026-07-26T16:37:47.572996Z,0,,,HARDWARE_OFFLINE,OFFLINE,OFFLINE
2026-07-26T16:38:47.585332Z,0,,14118,DEGRADED,OFFLINE,OK
2026-07-26T16:39:47.602870Z,0,,14118,DEGRADED,OFFLINE,OK
2026-07-26T17:07:53.429953Z,0,,,HARDWARE_OFFLINE,OFFLINE,OFFLINE
2026-07-26T17:19:36.001189Z,1765,248.7,,DEGRADED,OK,OFFLINE
2026-07-26T17:22:41.060022Z,1729,248.6,,DEGRADED,OK,OFFLINE
2026-07-26T17:23:41.167004Z,3430,248.0,14305,OK,OK,OK
2026-07-26T17:24:41.300709Z,3412,248.1,14305,OK,OK,OK
2026-07-26T17:25:41.395874Z,3450,248.1,14305,OK,OK,OK
2026-07-26T17:26:41.544547Z,3398,248.0,14305,OK,OK,OK
2026-07-26T17:27:41.657070Z,3399,247.8,14305,OK,OK,OK
2026-07-26T17:28:41.798738Z,3411,247.9,14305,OK,OK,OK
2026-07-26T17:29:41.940861Z,3449,247.6,14305,OK,OK,OK
2026-07-26T17:30:42.058475Z,3250,247.5,14305,OK,OK,OK
2026-07-26T17:31:43.222271Z,3173,247.3,14305,OK,OK,OK
2026-07-26T17:32:43.354513Z,3205,247.3,14305,OK,OK,OK
2026-07-26T17:33:43.462515Z,3198,247.3,14305,OK,OK,OK
2026-07-26T17:34:43.597682Z,3188,247.7,14305,OK,OK,OK
2026-07-26T17:35:43.688857Z,3220,247.8,14305,OK,OK,OK
2026-07-26T17:36:43.799555Z,1906,248.0,14305,OK,OK,OK
2026-07-26T17:37:43.915925Z,1687,248.0,14305,OK,OK,OK
2026-07-26T17:38:44.057048Z,1694,248.0,14310,OK,OK,OK
2026-07-26T17:39:44.193823Z,1672,248.2,14310,OK,OK,OK
2026-07-26T17:40:44.301087Z,1655,248.3,14310,OK,OK,OK
2026-07-26T17:41:44.420042Z,1582,248.5,14310,OK,OK,OK
2026-07-26T17:42:44.548210Z,1591,248.2,14310,OK,OK,OK
2026-07-26T17:43:44.649069Z,1578,248.2,14310,OK,OK,OK
2026-07-26T17:44:44.767207Z,1608,248.2,14310,OK,OK,OK
2026-07-26T17:45:44.837104Z,3259,247.7,14310,OK,OK,OK
2026-07-26T17:46:46.059835Z,3286,247.7,14310,OK,OK,OK
2026-07-26T17:47:46.147539Z,3299,247.7,14310,OK,OK,OK
2026-07-26T17:48:46.263350Z,3306,247.7,14310,OK,OK,OK
2026-07-26T17:49:46.369435Z,3405,248.3,14310,OK,OK,OK
2026-07-26T17:50:46.500522Z,3334,248.6,14310,OK,OK,OK
2026-07-26T17:51:46.626394Z,3368,248.7,14310,OK,OK,OK
2026-07-26T17:52:46.753798Z,3462,248.7,14310,OK,OK,OK
2026-07-26T17:53:46.895659Z,3388,248.5,14768,OK,OK,OK
2026-07-26T17:54:47.036162Z,3481,248.6,14768,OK,OK,OK
2026-07-26T17:55:47.179649Z,3256,244.2,14768,OK,OK,OK
2026-07-26T17:56:47.305900Z,3355,244.0,14768,OK,OK,OK
2026-07-26T17:57:47.420605Z,3371,247.8,14768,OK,OK,OK
2026-07-26T17:58:47.490808Z,3241,248.6,14768,OK,OK,OK
2026-07-26T17:59:47.637208Z,3228,246.8,14768,OK,OK,OK
2026-07-26T18:00:47.779529Z,3245,248.3,14768,OK,OK,OK
2026-07-26T18:01:48.651692Z,3186,245.2,14768,OK,OK,OK
2026-07-26T18:02:48.817005Z,3116,242.9,14768,OK,OK,OK
2026-07-26T18:03:48.957863Z,1882,243.3,14768,OK,OK,OK
2026-07-26T18:04:49.089697Z,1682,243.5,14768,OK,OK,OK
2026-07-26T18:05:49.219495Z,1634,243.4,14768,OK,OK,OK
2026-07-26T18:06:49.349746Z,1637,243.5,14768,OK,OK,OK
2026-07-26T18:07:49.448378Z,1813,247.9,14768,OK,OK,OK
2026-07-26T18:08:49.562628Z,1792,248.0,15324,OK,OK,OK
2026-07-26T18:09:49.693692Z,1796,248.4,15324,OK,OK,OK
2026-07-26T18:10:49.796162Z,3430,248.1,15324,OK,OK,OK
2026-07-26T18:11:49.917225Z,3441,248.1,15324,OK,OK,OK
2026-07-26T18:12:50.059710Z,3507,247.9,15324,OK,OK,OK
2026-07-26T18:13:50.180497Z,3464,244.0,15324,OK,OK,OK
2026-07-26T18:14:50.332109Z,3563,247.7,15324,OK,OK,OK
2026-07-26T18:15:50.472268Z,3534,245.9,15324,OK,OK,OK
2026-07-26T18:16:51.600358Z,3469,244.5,15324,OK,OK,OK
2026-07-26T18:17:51.777041Z,3505,247.8,15324,OK,OK,OK
2026-07-26T18:18:51.882882Z,3482,247.9,15324,OK,OK,OK
2026-07-26T18:19:52.008409Z,3468,247.8,15324,OK,OK,OK
2026-07-26T18:20:52.166022Z,3464,248.0,15324,OK,OK,OK
2026-07-26T18:21:52.297620Z,3397,247.7,15324,OK,OK,OK
2026-07-26T18:22:52.468930Z,3339,244.9,15324,OK,OK,OK
2026-07-26T18:23:52.548051Z,3291,243.9,7322,OK,OK,OK
2026-07-26T18:24:52.675138Z,3304,243.9,7322,OK,OK,OK
2026-07-26T18:25:52.814787Z,3300,244.4,7322,OK,OK,OK
2026-07-26T18:26:52.959842Z,3275,244.1,7322,OK,OK,OK
2026-07-26T18:27:53.097302Z,3308,244.0,7322,OK,OK,OK
2026-07-26T18:28:53.221857Z,3282,243.1,7322,OK,OK,OK
2026-07-26T18:29:53.363627Z,3275,243.4,7322,OK,OK,OK
2026-07-26T18:30:53.510067Z,3318,246.7,7322,OK,OK,OK
2026-07-26T18:31:54.690103Z,3284,243.5,7322,OK,OK,OK
2026-07-26T18:32:54.817942Z,3250,243.4,7322,OK,OK,OK
2026-07-26T18:33:54.944687Z,4466,242.8,7322,OK,OK,OK
2026-07-26T18:34:55.083259Z,3439,243.7,7322,OK,OK,OK
2026-07-26T18:35:55.221267Z,5061,243.0,7322,OK,OK,OK
2026-07-26T18:36:55.343419Z,5021,243.5,7322,OK,OK,OK
2026-07-26T18:37:55.461275Z,5024,243.9,7322,OK,OK,OK
2026-07-26T18:38:55.602084Z,5002,243.8,9828,OK,OK,OK
2026-07-26T18:39:55.745490Z,3456,248.1,9828,OK,OK,OK
2026-07-26T18:40:55.863110Z,1802,248.7,9828,OK,OK,OK
2026-07-26T18:41:55.950666Z,1921,246.5,9828,OK,OK,OK
2026-07-26T18:42:56.073802Z,3555,244.4,9828,OK,OK,OK
2026-07-26T18:43:56.212386Z,2940,247.6,9828,OK,OK,OK
2026-07-26T18:44:56.284228Z,3061,246.7,9828,OK,OK,OK
2026-07-26T18:45:56.396378Z,6154,242.8,9828,OK,OK,OK
2026-07-26T18:46:57.814890Z,4615,243.3,9828,OK,OK,OK
2026-07-26T18:47:57.960050Z,6310,246.5,9828,OK,OK,OK
2026-07-26T18:48:58.101997Z,6245,245.6,9828,OK,OK,OK
2026-07-26T18:49:58.213118Z,4644,246.1,9828,OK,OK,OK
2026-07-26T18:50:58.345466Z,4615,243.3,9828,OK,OK,OK
2026-07-26T18:51:58.450504Z,4687,246.5,9828,OK,OK,OK
2026-07-26T18:52:58.537486Z,6259,246.0,9828,OK,OK,OK
2026-07-26T18:53:58.615183Z,6157,243.2,14630,OK,OK,OK
2026-07-26T18:54:58.754611Z,6276,245.8,14630,OK,OK,OK
2026-07-26T18:55:58.898223Z,6413,245.3,14630,OK,OK,OK
2026-07-26T18:56:59.038037Z,6449,245.6,14630,OK,OK,OK
2026-07-26T18:57:59.168667Z,4859,246.2,14630,OK,OK,OK
2026-07-26T18:58:59.304166Z,5339,246.6,14630,OK,OK,OK
2026-07-26T18:59:59.449299Z,3603,247.8,14630,OK,OK,OK
2026-07-26T19:00:59.550233Z,3642,247.2,14630,OK,OK,OK
2026-07-26T19:02:00.731762Z,3483,246.1,14630,OK,OK,OK
2026-07-26T19:03:00.832284Z,3560,246.4,14630,OK,OK,OK
2026-07-26T19:04:00.945607Z,3493,247.5,14630,OK,OK,OK
2026-07-26T19:05:01.090380Z,3634,247.3,14630,OK,OK,OK
2026-07-26T19:06:01.220367Z,4625,246.2,14630,OK,OK,OK
2026-07-26T19:07:01.364364Z,4588,245.6,14630,OK,OK,OK
2026-07-26T19:08:01.488269Z,4862,244.2,14630,OK,OK,OK
2026-07-26T19:09:01.630930Z,4759,243.7,5503,OK,OK,OK
2026-07-26T19:10:01.769170Z,4703,243.8,5503,OK,OK,OK
2026-07-26T19:11:01.863990Z,4686,243.3,5503,OK,OK,OK
2026-07-26T19:12:02.000428Z,4604,242.8,5503,OK,OK,OK
2026-07-26T19:13:02.127311Z,4696,242.9,5503,OK,OK,OK
2026-07-26T19:14:02.274244Z,6320,242.0,5503,OK,OK,OK
2026-07-26T19:15:02.383648Z,4616,242.9,5503,OK,OK,OK
2026-07-26T19:16:03.289919Z,4647,243.5,5503,OK,OK,OK
2026-07-26T19:17:03.372386Z,4711,244.4,5503,OK,OK,OK
2026-07-26T19:18:03.473498Z,3073,243.8,5503,OK,OK,OK
2026-07-26T19:19:03.612765Z,2990,243.6,5503,OK,OK,OK
2026-07-26T19:20:03.713145Z,3041,246.5,5503,OK,OK,OK
2026-07-26T19:21:03.827347Z,3074,247.9,5503,OK,OK,OK
2026-07-26T19:22:03.964901Z,3008,247.8,5503,OK,OK,OK
2026-07-26T19:23:04.081334Z,3130,248.0,5503,OK,OK,OK
2026-07-26T19:24:04.180937Z,4729,247.0,14156,OK,OK,OK
2026-07-26T19:25:04.306374Z,4646,247.2,14156,OK,OK,OK
2026-07-26T19:26:04.447984Z,4670,244.5,14156,OK,OK,OK
2026-07-26T19:27:04.552474Z,4718,247.0,14156,OK,OK,OK
2026-07-26T19:28:04.658243Z,3619,243.9,14156,OK,OK,OK
2026-07-26T19:29:04.792227Z,3696,245.1,14156,OK,OK,OK
2026-07-26T19:30:04.895223Z,3955,246.2,14156,OK,OK,OK
2026-07-26T19:31:06.300478Z,4162,246.3,14156,OK,OK,OK
2026-07-26T19:32:06.394355Z,4205,245.7,14156,OK,OK,OK
2026-07-26T19:33:06.534981Z,4346,245.4,14156,OK,OK,OK
2026-07-26T19:34:06.650521Z,4390,245.4,14156,OK,OK,OK
2026-07-26T19:35:06.749422Z,4250,245.6,14156,OK,OK,OK
2026-07-26T19:36:06.861633Z,4309,245.7,14156,OK,OK,OK
2026-07-26T19:37:06.996970Z,4451,242.0,14156,OK,OK,OK
2026-07-26T19:38:07.106092Z,4418,242.2,14156,OK,OK,OK
2026-07-26T19:39:07.203443Z,4284,245.5,13187,OK,OK,OK
2026-07-26T19:40:07.336869Z,3942,242.5,13187,OK,OK,OK
2026-07-26T19:41:07.460284Z,3949,246.3,13187,OK,OK,OK
2026-07-26T19:42:07.559700Z,3993,246.4,13187,OK,OK,OK
2026-07-26T19:43:07.668492Z,3995,243.4,13187,OK,OK,OK
2026-07-26T19:44:07.788077Z,3959,242.7,13187,OK,OK,OK
2026-07-26T19:45:07.922124Z,3986,242.7,13187,OK,OK,OK
2026-07-26T19:46:08.713852Z,3922,242.5,13187,OK,OK,OK
2026-07-26T19:47:08.831691Z,3977,242.6,13187,OK,OK,OK
2026-07-26T19:48:08.966923Z,3913,242.7,13187,OK,OK,OK
2026-07-26T19:49:09.114008Z,4098,243.2,13187,OK,OK,OK
2026-07-26T19:50:09.228916Z,4173,246.3,13187,OK,OK,OK
2026-07-26T19:51:09.346303Z,4172,245.7,13187,OK,OK,OK
2026-07-26T19:52:09.479754Z,4094,244.6,13187,OK,OK,OK
2026-07-26T19:53:09.611714Z,4103,244.4,13187,OK,OK,OK
2026-07-26T19:54:09.696626Z,4114,244.6,13987,OK,OK,OK
2026-07-26T19:55:09.796957Z,4119,244.6,13987,OK,OK,OK
2026-07-26T19:56:09.907390Z,4056,244.7,13987,OK,OK,OK
2026-07-26T19:57:10.048038Z,4211,244.7,13987,OK,OK,OK
2026-07-26T19:58:10.191245Z,5200,244.0,13987,OK,OK,OK
2026-07-26T19:59:10.335682Z,5122,244.5,13987,OK,OK,OK
2026-07-26T20:00:10.448540Z,4086,244.9,13987,OK,OK,OK
2026-07-26T20:01:11.400136Z,3732,244.3,13987,OK,OK,OK
2026-07-26T20:02:11.526488Z,3776,245.9,13987,OK,OK,OK
2026-07-26T20:03:11.646610Z,3881,245.6,13987,OK,OK,OK
2026-07-26T20:04:11.737994Z,4140,245.6,13987,OK,OK,OK
2026-07-26T20:05:11.838600Z,4037,245.4,13987,OK,OK,OK
2026-07-26T20:06:11.939104Z,4126,245.1,13987,OK,OK,OK
2026-07-26T20:07:12.051084Z,5158,245.8,13987,OK,OK,OK
2026-07-26T20:08:12.185862Z,5128,245.9,13987,OK,OK,OK
2026-07-26T20:09:12.318482Z,5106,245.8,13408,OK,OK,OK
2026-07-26T20:10:12.428206Z,5120,245.6,13408,OK,OK,OK
2026-07-26T20:11:12.561544Z,5085,244.8,13408,OK,OK,OK
2026-07-26T20:12:12.702954Z,5071,244.4,13408,OK,OK,OK
2026-07-26T20:13:12.810875Z,5172,244.4,13408,OK,OK,OK
2026-07-26T20:14:12.951136Z,5109,244.3,13408,OK,OK,OK
2026-07-26T20:15:13.051886Z,5147,245.2,13408,OK,OK,OK
2026-07-26T20:16:14.340126Z,5008,245.1,13408,OK,OK,OK
2026-07-26T20:17:14.438150Z,5066,245.1,13408,OK,OK,OK
2026-07-26T20:18:14.564037Z,5045,245.3,13408,OK,OK,OK
2026-07-26T20:19:14.701082Z,5068,245.2,13408,OK,OK,OK
2026-07-26T20:20:14.831663Z,5093,245.7,13408,OK,OK,OK
2026-07-26T20:21:14.935737Z,5110,245.7,13408,OK,OK,OK
2026-07-26T20:22:15.072683Z,5090,245.6,13408,OK,OK,OK
2026-07-26T20:23:15.215229Z,5091,245.4,13408,OK,OK,OK
2026-07-26T20:24:15.334055Z,5191,245.0,9647,OK,OK,OK
2026-07-26T20:25:15.417864Z,5156,244.6,9647,OK,OK,OK
2026-07-26T20:26:15.518769Z,5138,244.0,9647,OK,OK,OK
2026-07-26T20:27:15.642703Z,3992,244.0,9647,OK,OK,OK
2026-07-26T20:28:15.743968Z,4023,244.0,9647,OK,OK,OK
2026-07-26T20:29:15.857961Z,4008,243.6,9647,OK,OK,OK
2026-07-26T20:30:15.995815Z,4016,243.6,9647,OK,OK,OK
2026-07-26T20:31:16.802109Z,4114,243.5,9647,OK,OK,OK
2026-07-26T20:32:16.921466Z,4161,243.6,9647,OK,OK,OK
2026-07-26T20:33:17.034721Z,3910,243.7,9647,OK,OK,OK
2026-07-26T20:34:17.121936Z,3897,243.6,9647,OK,OK,OK
2026-07-26T20:35:17.282467Z,3888,243.6,9647,OK,OK,OK
2026-07-26T20:36:17.394241Z,3874,243.7,9647,OK,OK,OK
2026-07-26T20:37:17.495146Z,3851,243.8,9647,OK,OK,OK
2026-07-26T20:38:17.613265Z,3856,244.6,9647,OK,OK,OK
2026-07-26T20:39:17.730057Z,4012,246.7,11098,OK,OK,OK
2026-07-26T20:40:17.833721Z,3930,246.7,11098,OK,OK,OK
2026-07-26T20:41:17.964600Z,2224,246.4,11098,OK,OK,OK
2026-07-26T20:42:18.045835Z,2208,245.4,11098,OK,OK,OK
2026-07-26T20:43:18.184611Z,2189,245.3,11098,OK,OK,OK
2026-07-26T20:44:18.289636Z,2175,245.2,11098,OK,OK,OK
2026-07-26T20:45:18.415165Z,2236,244.6,11098,OK,OK,OK
2026-07-26T20:46:19.503042Z,2176,245.7,11098,OK,OK,OK
2026-07-26T20:47:19.642729Z,3845,245.7,11098,OK,OK,OK
2026-07-26T20:48:19.784818Z,3894,245.7,11098,OK,OK,OK
2026-07-26T20:49:19.880410Z,4068,245.6,11098,OK,OK,OK
2026-07-26T20:50:19.992377Z,3915,244.8,11098,OK,OK,OK
2026-07-26T20:51:20.107281Z,3955,244.6,11098,OK,OK,OK
2026-07-26T20:52:20.208147Z,3922,244.5,11098,OK,OK,OK
2026-07-26T20:53:20.302439Z,3906,244.5,11098,OK,OK,OK
2026-07-26T20:54:20.425921Z,3940,244.8,9773,OK,OK,OK
2026-07-26T20:55:20.554113Z,3823,244.0,9773,OK,OK,OK
2026-07-26T20:56:20.652676Z,3808,245.7,9773,OK,OK,OK
2026-07-26T20:57:20.788058Z,3678,244.9,9773,OK,OK,OK
2026-07-26T20:58:20.901305Z,3681,245.3,9773,OK,OK,OK
2026-07-26T20:59:21.028018Z,3687,244.4,9773,OK,OK,OK
2026-07-26T21:00:21.142538Z,5360,243.5,9773,OK,OK,OK
2026-07-26T21:01:22.406604Z,3614,244.1,9773,OK,OK,OK
2026-07-26T21:02:22.548479Z,3615,244.3,9773,OK,OK,OK
2026-07-26T21:03:22.637167Z,3665,245.4,9773,OK,OK,OK
2026-07-26T21:04:22.767763Z,3637,245.8,9773,OK,OK,OK
2026-07-26T21:05:22.896476Z,3617,244.7,9773,OK,OK,OK
2026-07-26T21:06:23.028622Z,3633,244.6,9773,OK,OK,OK
2026-07-26T21:07:23.136191Z,3625,244.7,9773,OK,OK,OK
2026-07-26T21:08:23.235204Z,3618,245.0,9773,OK,OK,OK
2026-07-26T21:09:23.351478Z,3704,244.8,8717,OK,OK,OK
2026-07-26T21:10:23.469405Z,3662,243.2,8717,OK,OK,OK
2026-07-26T21:11:23.614534Z,3732,244.2,8717,OK,OK,OK
2026-07-26T21:12:23.734341Z,3684,243.3,8717,OK,OK,OK
2026-07-26T21:13:23.821043Z,3739,243.6,8717,OK,OK,OK
2026-07-26T21:14:23.902687Z,2065,243.9,8717,OK,OK,OK
2026-07-26T21:15:24.021148Z,1874,243.8,8717,OK,OK,OK
2026-07-26T21:16:25.296676Z,1816,243.3,8717,OK,OK,OK
2026-07-26T21:17:25.434049Z,1847,243.3,8717,OK,OK,OK
2026-07-26T21:18:25.559455Z,1856,243.7,8717,OK,OK,OK
2026-07-26T21:19:25.659092Z,1932,244.0,8717,OK,OK,OK
2026-07-26T21:20:25.757589Z,1864,244.3,8717,OK,OK,OK
2026-07-26T21:21:25.867873Z,3544,243.3,8717,OK,OK,OK
2026-07-26T21:22:25.984789Z,3559,243.1,8717,OK,OK,OK
2026-07-26T21:23:26.121310Z,3585,243.5,8717,OK,OK,OK
2026-07-26T21:24:26.261438Z,4320,243.6,3620,OK,OK,OK
2026-07-26T21:25:26.393734Z,3394,244.2,3620,OK,OK,OK
2026-07-26T21:26:26.492251Z,3424,244.2,3620,OK,OK,OK
2026-07-26T21:27:26.634778Z,3471,244.1,3620,OK,OK,OK
2026-07-26T21:28:26.779032Z,3783,243.8,3620,OK,OK,OK
2026-07-26T21:29:26.889754Z,3654,243.9,3620,OK,OK,OK
2026-07-26T21:30:27.025680Z,3630,243.3,3620,OK,OK,OK
2026-07-26T21:31:28.218661Z,3621,243.3,3620,OK,OK,OK
2026-07-26T21:32:28.347349Z,3600,243.2,3620,OK,OK,OK
2026-07-26T21:33:28.503458Z,3630,243.5,3620,OK,OK,OK
2026-07-26T21:34:28.616533Z,3554,243.4,3620,OK,OK,OK
2026-07-26T21:35:28.716237Z,3562,243.5,3620,OK,OK,OK
2026-07-26T21:36:28.830405Z,3570,243.5,3620,OK,OK,OK
2026-07-26T21:37:28.969460Z,3558,243.5,3620,OK,OK,OK
2026-07-26T21:38:29.089685Z,3574,244.2,3620,OK,OK,OK
2026-07-26T21:39:29.181329Z,3584,244.6,4719,OK,OK,OK
2026-07-26T21:40:29.312720Z,3570,244.8,4719,OK,OK,OK
2026-07-26T21:41:29.456706Z,3583,245.3,4719,OK,OK,OK
2026-07-26T21:42:29.565043Z,3585,245.7,4719,OK,OK,OK
2026-07-26T21:43:29.677116Z,1940,246.2,4719,OK,OK,OK
2026-07-26T21:44:29.775546Z,1942,246.7,4719,OK,OK,OK
2026-07-26T21:45:29.854084Z,1938,246.8,4719,OK,OK,OK
2026-07-26T21:46:31.057027Z,1934,246.9,4719,OK,OK,OK
2026-07-26T21:47:31.166880Z,2127,246.7,4719,OK,OK,OK
2026-07-26T21:48:31.310613Z,2116,246.4,4719,OK,OK,OK
2026-07-26T21:49:31.403430Z,2093,246.1,4719,OK,OK,OK
2026-07-26T21:50:31.510809Z,3747,244.9,4719,OK,OK,OK
2026-07-26T21:51:31.646977Z,3768,244.5,4719,OK,OK,OK
2026-07-26T21:52:31.753593Z,3790,244.5,4719,OK,OK,OK
2026-07-26T21:53:31.888763Z,3787,243.6,4719,OK,OK,OK
2026-07-26T21:54:32.025678Z,3792,244.6,6816,OK,OK,OK
2026-07-26T21:55:32.129935Z,3808,245.4,6816,OK,OK,OK
2026-07-26T21:56:32.226847Z,3801,245.4,6816,OK,OK,OK
2026-07-26T21:57:32.306773Z,3823,245.4,6816,OK,OK,OK
2026-07-26T21:58:32.406264Z,3872,246.0,6816,OK,OK,OK
2026-07-26T21:59:32.533241Z,3846,246.0,6816,OK,OK,OK
2026-07-26T22:00:32.666898Z,3856,245.7,6816,OK,OK,OK
2026-07-26T22:01:34.102624Z,3864,245.8,6816,OK,OK,OK
2026-07-26T22:02:34.240000Z,3853,245.8,6816,OK,OK,OK
2026-07-26T22:03:34.348756Z,3881,245.6,6816,OK,OK,OK
2026-07-26T22:04:34.483750Z,3991,246.3,6816,OK,OK,OK
2026-07-26T22:05:34.588061Z,3890,246.3,6816,OK,OK,OK
2026-07-26T22:06:34.705286Z,3898,245.9,6816,OK,OK,OK
2026-07-26T22:07:34.825425Z,2278,246.5,6816,OK,OK,OK
2026-07-26T22:08:34.931108Z,2284,246.1,6816,OK,OK,OK
2026-07-26T22:09:35.063965Z,2187,246.5,4504,OK,OK,OK
2026-07-26T22:10:35.198724Z,2311,245.3,4504,OK,OK,OK
2026-07-26T22:11:35.304677Z,2084,245.9,4504,OK,OK,OK
2026-07-26T22:12:35.440002Z,2093,246.0,4504,OK,OK,OK
2026-07-26T22:13:35.561749Z,2195,245.8,4504,OK,OK,OK
2026-07-26T22:14:35.649402Z,3690,245.0,4504,OK,OK,OK
2026-07-26T22:15:35.757034Z,3798,245.3,4504,OK,OK,OK
2026-07-26T22:16:37.290187Z,3799,244.7,4504,OK,OK,OK
2026-07-26T22:17:37.427796Z,3736,244.2,4504,OK,OK,OK
2026-07-26T22:18:37.562242Z,3852,244.5,4504,OK,OK,OK
2026-07-26T22:19:37.667496Z,3765,244.7,4504,OK,OK,OK
2026-07-26T22:20:37.762253Z,3747,245.3,4504,OK,OK,OK
2026-07-26T22:21:37.843618Z,3753,245.3,4504,OK,OK,OK
2026-07-26T22:22:37.982159Z,3724,244.9,4504,OK,OK,OK
2026-07-26T22:23:38.121384Z,3678,245.0,4504,OK,OK,OK
2026-07-26T22:24:38.228741Z,3677,245.0,3262,OK,OK,OK
2026-07-26T22:25:38.329033Z,3660,245.0,3262,OK,OK,OK
2026-07-26T22:26:38.426152Z,3716,245.0,3262,OK,OK,OK
2026-07-26T22:27:38.537918Z,3817,245.3,3262,OK,OK,OK
2026-07-26T22:28:38.679367Z,3856,245.6,3262,OK,OK,OK
2026-07-26T22:29:38.897867Z,3838,246.4,3262,OK,OK,OK
2026-07-26T22:30:39.029999Z,2236,245.7,3262,OK,OK,OK
2026-07-26T22:31:40.109638Z,2217,245.3,3262,OK,OK,OK
2026-07-26T22:32:40.223764Z,2069,245.6,3262,OK,OK,OK
2026-07-26T22:33:40.364750Z,2057,245.4,3262,OK,OK,OK
2026-07-26T22:34:40.464254Z,2041,245.3,3262,OK,OK,OK
2026-07-26T22:35:40.570906Z,2043,245.5,3262,OK,OK,OK
2026-07-26T22:36:40.680544Z,2042,245.0,3262,OK,OK,OK
2026-07-26T22:37:40.801391Z,2199,245.0,3262,OK,OK,OK
2026-07-26T22:38:40.945604Z,3746,244.9,3262,OK,OK,OK
2026-07-26T22:39:41.122647Z,3739,244.9,2678,OK,OK,OK
2026-07-26T22:40:41.255922Z,3743,245.3,2678,OK,OK,OK
2026-07-26T22:41:41.399806Z,3704,245.2,2678,OK,OK,OK
2026-07-26T22:42:41.503606Z,3683,245.9,2678,OK,OK,OK
2026-07-26T22:43:41.641187Z,3863,245.7,2678,OK,OK,OK
2026-07-26T22:44:41.765194Z,3744,245.9,2678,OK,OK,OK
2026-07-26T22:45:41.885020Z,3785,245.8,2678,OK,OK,OK
2026-07-26T22:46:42.922556Z,3789,244.9,2678,OK,OK,OK
2026-07-26T22:47:43.069244Z,3777,244.8,2678,OK,OK,OK
2026-07-26T22:48:43.210002Z,3836,245.6,2678,OK,OK,OK
2026-07-26T22:49:43.338846Z,3803,245.2,2678,OK,OK,OK
2026-07-26T22:50:43.463604Z,3878,244.0,2678,OK,OK,OK
2026-07-26T22:51:43.563484Z,3858,244.0,2678,OK,OK,OK
2026-07-26T22:52:43.677183Z,3653,243.8,2678,OK,OK,OK
2026-07-26T22:53:43.813486Z,2065,244.6,2678,OK,OK,OK
2026-07-26T22:54:43.924564Z,2090,244.3,2678,OK,OK,OK
2026-07-26T22:55:44.051653Z,2046,244.3,2749,OK,OK,OK
2026-07-26T22:56:44.163775Z,2173,244.2,2749,OK,OK,OK
2026-07-26T22:57:44.254425Z,2044,244.4,2749,OK,OK,OK
2026-07-26T22:58:44.353993Z,2042,244.8,2749,OK,OK,OK
2026-07-26T22:59:44.491197Z,2042,245.4,2749,OK,OK,OK
2026-07-26T23:00:44.609953Z,2044,245.7,2749,OK,OK,OK
2026-07-26T23:01:45.534998Z,3885,244.6,2749,OK,OK,OK
2026-07-26T23:02:45.623404Z,3819,244.5,2749,OK,OK,OK
2026-07-26T23:03:45.751304Z,3820,244.4,2749,OK,OK,OK
2026-07-26T23:04:45.864160Z,3719,244.1,2749,OK,OK,OK
2026-07-26T23:05:45.982212Z,3710,244.2,2749,OK,OK,OK
2026-07-26T23:06:46.116519Z,4646,243.6,2749,OK,OK,OK
2026-07-26T23:07:46.233591Z,5250,243.6,2749,OK,OK,OK
2026-07-26T23:08:46.378060Z,5140,243.9,2749,OK,OK,OK
2026-07-26T23:09:46.508479Z,4947,244.1,2749,OK,OK,OK
2026-07-26T23:10:46.650179Z,5009,243.5,2655,OK,OK,OK
2026-07-26T23:11:46.740970Z,5032,242.7,2655,OK,OK,OK
2026-07-26T23:12:46.855665Z,5027,243.0,2655,OK,OK,OK
2026-07-26T23:13:46.979105Z,5011,243.0,2655,OK,OK,OK
2026-07-26T23:14:47.092586Z,5005,243.1,2655,OK,OK,OK
2026-07-26T23:15:47.205054Z,4987,242.9,2655,OK,OK,OK
2026-07-26T23:16:48.380348Z,5155,242.7,2655,OK,OK,OK
2026-07-26T23:17:48.513472Z,3525,242.8,2655,OK,OK,OK
2026-07-26T23:18:48.619512Z,3529,243.6,2655,OK,OK,OK
2026-07-26T23:19:48.735533Z,3552,243.7,2655,OK,OK,OK
2026-07-26T23:20:48.848878Z,3554,243.9,2655,OK,OK,OK
2026-07-26T23:21:48.986375Z,3553,243.9,2655,OK,OK,OK
2026-07-26T23:22:49.101428Z,3640,244.0,2655,OK,OK,OK
2026-07-26T23:23:49.233444Z,3625,244.7,2655,OK,OK,OK
2026-07-26T23:24:49.367246Z,3512,244.5,2655,OK,OK,OK
2026-07-26T23:25:49.462739Z,5129,243.6,1187,OK,OK,OK
2026-07-26T23:26:49.572201Z,5149,243.3,1187,OK,OK,OK
2026-07-26T23:27:49.670907Z,5120,243.5,1187,OK,OK,OK
2026-07-26T23:28:49.807756Z,5166,243.5,1187,OK,OK,OK
2026-07-26T23:29:49.930240Z,5090,243.5,1187,OK,OK,OK
2026-07-26T23:30:50.069378Z,4911,242.4,1187,OK,OK,OK
2026-07-26T23:31:51.413824Z,4879,242.8,1187,OK,OK,OK
2026-07-26T23:32:51.555057Z,4868,242.4,1187,OK,OK,OK
2026-07-26T23:33:51.689048Z,4851,242.4,1187,OK,OK,OK
2026-07-26T23:34:51.834354Z,4877,242.5,1187,OK,OK,OK
2026-07-26T23:35:51.943590Z,4808,242.2,1187,OK,OK,OK
2026-07-26T23:36:52.077714Z,4753,242.2,1187,OK,OK,OK
2026-07-26T23:37:52.204480Z,4756,242.2,1187,OK,OK,OK
2026-07-26T23:38:52.321778Z,4771,243.0,1187,OK,OK,OK
2026-07-26T23:39:52.444164Z,3157,243.9,1187,OK,OK,OK
2026-07-26T23:40:52.602646Z,3122,244.3,809,OK,OK,OK
2026-07-26T23:41:52.734825Z,3114,244.2,809,OK,OK,OK
2026-07-26T23:42:52.814246Z,3158,244.2,809,OK,OK,OK
2026-07-26T23:43:52.936871Z,3179,244.2,809,OK,OK,OK
2026-07-26T23:44:53.045219Z,3169,244.2,809,OK,OK,OK
2026-07-26T23:45:53.179837Z,3266,244.1,809,OK,OK,OK
2026-07-26T23:46:54.369495Z,3199,243.9,809,OK,OK,OK
2026-07-26T23:47:54.475161Z,7790,241.3,809,OK,OK,OK
2026-07-26T23:48:54.575064Z,4924,243.4,809,OK,OK,OK
2026-07-26T23:49:54.673831Z,4922,243.4,809,OK,OK,OK
2026-07-26T23:50:54.807514Z,4798,243.4,809,OK,OK,OK
2026-07-26T23:51:54.918292Z,4774,242.0,809,OK,OK,OK
2026-07-26T23:52:55.045652Z,4770,242.0,809,OK,OK,OK
2026-07-26T23:53:55.183518Z,4757,242.0,809,OK,OK,OK
2026-07-26T23:54:55.316431Z,4760,242.2,809,OK,OK,OK
2026-07-26T23:55:55.419407Z,4750,242.3,550,OK,OK,OK
2026-07-26T23:56:55.534237Z,4752,242.2,550,OK,OK,OK
2026-07-26T23:57:55.645400Z,4764,242.3,550,OK,OK,OK
2026-07-26T23:58:55.746870Z,4762,242.8,550,OK,OK,OK
2026-07-26T23:59:55.857367Z,3369,243.4,550,OK,OK,OK
2026-07-27T00:00:55.994047Z,3330,243.7,550,OK,OK,OK
2026-07-27T00:01:57.161905Z,3351,243.8,550,OK,OK,OK
2026-07-27T00:02:57.286187Z,3339,243.9,550,OK,OK,OK
2026-07-27T00:03:57.384709Z,3403,243.7,550,OK,OK,OK
2026-07-27T00:04:57.521316Z,3374,243.8,550,OK,OK,OK
2026-07-27T00:05:57.622920Z,3376,243.8,550,OK,OK,OK
2026-07-27T00:06:57.722447Z,3373,243.8,550,OK,OK,OK
2026-07-27T00:07:57.843486Z,3382,243.9,550,OK,OK,OK
2026-07-27T00:08:57.967556Z,3363,244.0,550,OK,OK,OK
2026-07-27T00:09:58.081640Z,4873,243.3,550,OK,OK,OK
2026-07-27T00:10:58.179529Z,4930,243.3,319,OK,OK,OK
2026-07-27T00:11:58.306304Z,4902,242.5,319,OK,OK,OK
2026-07-27T00:12:58.447571Z,4882,242.5,319,OK,OK,OK
2026-07-27T00:13:58.579003Z,4894,242.7,319,OK,OK,OK
2026-07-27T00:14:58.695294Z,4894,242.5,319,OK,OK,OK
2026-07-27T00:15:58.780579Z,4853,242.3,319,OK,OK,OK
2026-07-27T00:17:00.092500Z,4854,242.4,319,OK,OK,OK
2026-07-27T00:18:00.226930Z,4854,242.3,319,OK,OK,OK
2026-07-27T00:19:00.338020Z,4930,242.9,319,OK,OK,OK
2026-07-27T00:20:00.436849Z,4987,242.4,319,OK,OK,OK
2026-07-27T00:21:00.544643Z,3346,243.3,319,OK,OK,OK
2026-07-27T00:22:00.707742Z,3157,243.0,319,OK,OK,OK
2026-07-27T00:23:00.816033Z,3152,242.9,319,OK,OK,OK
2026-07-27T00:24:00.883255Z,3141,243.0,319,OK,OK,OK
2026-07-27T00:25:01.018030Z,3258,242.0,319,OK,OK,OK
2026-07-27T00:26:01.162350Z,3234,242.1,129,OK,OK,OK
2026-07-27T00:27:01.246556Z,3217,242.2,129,OK,OK,OK
2026-07-27T00:30:05.828689Z,3260,242.3,,DEGRADED,OK,OFFLINE
2026-07-27T00:31:06.377500Z,6342,240.8,86,OK,OK,OK
2026-07-27T00:32:06.885111Z,4817,241.6,86,OK,OK,OK
2026-07-27T00:33:07.386796Z,4830,240.5,86,OK,OK,OK
2026-07-27T00:34:07.890651Z,4807,239.4,86,OK,OK,OK
2026-07-27T00:35:08.410165Z,6458,238.8,86,OK,OK,OK
2026-07-27T00:36:08.867830Z,4781,239.6,86,OK,OK,OK
2026-07-27T00:37:09.388657Z,4763,239.4,86,OK,OK,OK
2026-07-27T00:38:09.879552Z,4802,239.6,86,OK,OK,OK
2026-07-27T00:39:10.374802Z,4779,239.7,86,OK,OK,OK
2026-07-27T00:40:10.887758Z,6432,239.4,86,OK,OK,OK
2026-07-27T00:41:11.354859Z,4780,240.5,86,OK,OK,OK
2026-07-27T00:42:11.876989Z,3376,241.2,86,OK,OK,OK
2026-07-27T00:43:12.367061Z,3379,241.2,86,OK,OK,OK
2026-07-27T00:44:12.848572Z,3255,241.2,86,OK,OK,OK
2026-07-27T00:45:13.345132Z,3258,241.0,86,OK,OK,OK
2026-07-27T00:46:14.781962Z,3398,241.1,0,OK,OK,OK
2026-07-27T00:47:15.240441Z,3256,241.0,0,OK,OK,OK
2026-07-27T00:48:15.729915Z,3249,240.7,0,OK,OK,OK
2026-07-27T00:49:16.214549Z,3269,240.4,0,OK,OK,OK
2026-07-27T00:50:16.747449Z,3244,240.5,0,OK,OK,OK
2026-07-27T00:51:17.236330Z,3246,240.5,0,OK,OK,OK
2026-07-27T00:52:17.686784Z,3208,241.0,0,OK,OK,OK
2026-07-27T00:53:18.180360Z,4773,240.0,0,OK,OK,OK
2026-07-27T00:54:18.723033Z,4768,240.0,0,OK,OK,OK
2026-07-27T00:55:19.239076Z,4756,239.4,0,OK,OK,OK
2026-07-27T00:56:19.744917Z,4732,239.5,0,OK,OK,OK
2026-07-27T00:57:20.246649Z,4820,239.4,0,OK,OK,OK
2026-07-27T00:58:20.777332Z,4872,239.4,0,OK,OK,OK
2026-07-27T00:59:21.288810Z,4817,239.2,0,OK,OK,OK
2026-07-27T01:00:21.760585Z,5127,239.0,0,OK,OK,OK
2026-07-27T01:01:23.003151Z,5105,239.6,0,OK,OK,OK
2026-07-27T01:02:23.528782Z,5164,239.5,0,OK,OK,OK
2026-07-27T01:03:24.028871Z,3743,241.0,0,OK,OK,OK
2026-07-27T01:04:24.531470Z,3655,240.9,0,OK,OK,OK
2026-07-27T01:05:25.009827Z,3638,241.1,0,OK,OK,OK
2026-07-27T01:06:25.505104Z,3742,240.8,0,OK,OK,OK
2026-07-27T01:07:26.032695Z,3732,240.8,0,OK,OK,OK
2026-07-27T01:08:26.502510Z,3840,240.7,0,OK,OK,OK
2026-07-27T01:09:26.989627Z,3824,240.7,0,OK,OK,OK
2026-07-27T01:10:27.479054Z,3797,240.9,0,OK,OK,OK
2026-07-27T01:11:28.004650Z,3698,240.9,0,OK,OK,OK
2026-07-27T01:12:28.506649Z,3704,241.0,0,OK,OK,OK
2026-07-27T01:13:28.971121Z,3727,241.2,0,OK,OK,OK
2026-07-27T01:14:29.489620Z,3711,241.3,0,OK,OK,OK
2026-07-27T01:15:30.022709Z,3696,241.3,0,OK,OK,OK
2026-07-27T01:16:31.181076Z,5208,240.7,0,OK,OK,OK
2026-07-27T01:17:31.701483Z,5213,240.6,0,OK,OK,OK
2026-07-27T01:18:32.140756Z,5218,239.6,0,OK,OK,OK
2026-07-27T01:19:32.634662Z,5206,239.7,0,OK,OK,OK
2026-07-27T01:20:33.140725Z,5330,239.8,0,OK,OK,OK
2026-07-27T01:21:33.665956Z,5351,239.8,0,OK,OK,OK
2026-07-27T01:22:34.126306Z,5337,239.9,0,OK,OK,OK
2026-07-27T01:23:34.578047Z,5306,239.7,0,OK,OK,OK
2026-07-27T01:24:35.117630Z,3845,241.0,0,OK,OK,OK
2026-07-27T01:25:35.618459Z,3801,240.9,0,OK,OK,OK
2026-07-27T01:26:36.101827Z,4182,241.0,0,OK,OK,OK
2026-07-27T01:27:36.579208Z,3857,241.1,0,OK,OK,OK
2026-07-27T01:28:37.097643Z,3864,240.8,0,OK,OK,OK
2026-07-27T01:29:37.588386Z,3891,241.7,0,OK,OK,OK
2026-07-27T01:30:38.093431Z,4106,242.2,0,OK,OK,OK
2026-07-27T01:31:39.577779Z,3865,242.2,0,OK,OK,OK
2026-07-27T01:32:40.057424Z,3987,242.2,0,OK,OK,OK
2026-07-27T01:33:40.532847Z,4482,242.1,0,OK,OK,OK
2026-07-27T01:34:41.037165Z,4275,242.0,0,OK,OK,OK
2026-07-27T01:35:41.523997Z,4044,242.1,0,OK,OK,OK
2026-07-27T01:36:42.041836Z,4098,242.2,0,OK,OK,OK
2026-07-27T01:37:42.487071Z,3985,242.3,0,OK,OK,OK
2026-07-27T01:38:42.966816Z,3764,242.5,0,OK,OK,OK
2026-07-27T01:39:43.529054Z,3750,242.3,0,OK,OK,OK
2026-07-27T01:40:44.013994Z,5208,241.9,0,OK,OK,OK
2026-07-27T01:41:14.556968Z,5267,241.9,,DEGRADED,OK,OFFLINE
2026-07-27T01:42:15.047382Z,5486,241.9,0,OK,OK,OK
2026-07-27T01:43:15.567524Z,5463,241.9,0,OK,OK,OK
2026-07-27T01:44:16.067834Z,5445,242.1,0,OK,OK,OK
2026-07-27T01:45:16.565267Z,5228,242.2,0,OK,OK,OK
2026-07-27T01:46:17.985752Z,5423,242.0,0,OK,OK,OK
2026-07-27T01:46:52.327551Z,5454,242.0,,DEGRADED,OK,OFFLINE
2026-07-27T01:47:52.807193Z,5237,241.2,0,OK,OK,OK
2026-07-27T01:48:53.297934Z,3723,242.0,0,OK,OK,OK
2026-07-27T01:49:53.809413Z,3576,241.9,0,OK,OK,OK
2026-07-27T01:50:54.266063Z,3580,242.0,0,OK,OK,OK
2026-07-27T01:51:54.759417Z,3584,242.0,0,OK,OK,OK
2026-07-27T01:52:55.227673Z,3572,242.0,0,OK,OK,OK
2026-07-27T01:53:55.730664Z,3890,242.5,0,OK,OK,OK
2026-07-27T01:54:56.207345Z,3594,242.9,0,OK,OK,OK
2026-07-27T01:55:56.688584Z,3896,242.9,0,OK,OK,OK
2026-07-27T01:56:57.192762Z,4206,242.9,0,OK,OK,OK
2026-07-27T01:57:57.694337Z,3869,242.8,0,OK,OK,OK
2026-07-27T01:58:58.200510Z,3640,242.9,0,OK,OK,OK
2026-07-27T01:59:58.675628Z,3814,242.8,0,OK,OK,OK
2026-07-27T02:00:59.154206Z,4243,242.5,0,OK,OK,OK
2026-07-27T02:02:01.093953Z,3944,242.8,0,OK,OK,OK
2026-07-27T02:03:01.571551Z,3963,242.4,0,OK,OK,OK
2026-07-27T02:04:02.080261Z,3724,242.4,0,OK,OK,OK
2026-07-27T02:05:02.582848Z,3750,242.6,0,OK,OK,OK
2026-07-27T02:06:03.063748Z,5185,241.8,0,OK,OK,OK
2026-07-27T02:07:03.571916Z,5245,241.9,0,OK,OK,OK
2026-07-27T02:08:04.060547Z,5237,242.1,0,OK,OK,OK
2026-07-27T02:09:04.564858Z,5302,242.1,0,OK,OK,OK
2026-07-27T02:10:05.086888Z,5213,242.0,0,OK,OK,OK
2026-07-27T02:11:05.530724Z,5943,241.7,0,OK,OK,OK
2026-07-27T02:12:06.046353Z,5430,241.9,0,OK,OK,OK
2026-07-27T02:13:06.524613Z,5436,241.9,0,OK,OK,OK
2026-07-27T02:14:06.990463Z,3885,241.8,0,OK,OK,OK
2026-07-27T02:15:07.497978Z,3697,241.8,0,OK,OK,OK
2026-07-27T02:16:08.965475Z,3701,241.8,0,OK,OK,OK
2026-07-27T02:17:09.441770Z,3900,241.9,0,OK,OK,OK
2026-07-27T02:18:09.929531Z,3926,242.3,0,OK,OK,OK
2026-07-27T02:19:10.437768Z,3917,242.0,0,OK,OK,OK
2026-07-27T02:20:10.924073Z,3946,242.5,0,OK,OK,OK
2026-07-27T02:21:11.417566Z,3939,242.5,0,OK,OK,OK
2026-07-27T02:22:11.898056Z,3955,242.9,0,OK,OK,OK
2026-07-27T02:23:12.373320Z,3915,243.0,0,OK,OK,OK
2026-07-27T02:24:12.871166Z,4001,243.1,0,OK,OK,OK
2026-07-27T02:25:13.337147Z,4014,243.1,0,OK,OK,OK
2026-07-27T02:26:13.854993Z,4000,243.2,0,OK,OK,OK
2026-07-27T02:27:14.328395Z,4498,243.1,0,OK,OK,OK
2026-07-27T02:28:14.839992Z,5271,242.8,0,OK,OK,OK
2026-07-27T02:29:15.338975Z,5479,242.3,0,OK,OK,OK
2026-07-27T02:30:15.870830Z,5497,242.3,0,OK,OK,OK
2026-07-27T02:31:17.423406Z,5472,242.3,0,OK,OK,OK
2026-07-27T02:32:17.955963Z,5466,242.2,0,OK,OK,OK
2026-07-27T02:33:18.435174Z,5457,242.3,0,OK,OK,OK
2026-07-27T02:34:18.916301Z,5449,242.4,0,OK,OK,OK
2026-07-27T02:35:19.429216Z,5447,242.5,0,OK,OK,OK
2026-07-27T02:36:19.909541Z,5431,242.6,0,OK,OK,OK
2026-07-27T02:37:20.485621Z,3968,243.4,0,OK,OK,OK
2026-07-27T02:38:20.965589Z,3968,243.4,0,OK,OK,OK
2026-07-27T02:39:21.475474Z,3984,243.5,0,OK,OK,OK
2026-07-27T02:40:21.934151Z,3977,243.4,0,OK,OK,OK
2026-07-27T02:41:22.440111Z,3941,242.5,0,OK,OK,OK
2026-07-27T02:42:22.926950Z,3963,242.7,0,OK,OK,OK
2026-07-27T02:43:23.433663Z,3934,242.5,0,OK,OK,OK
2026-07-27T02:44:23.919280Z,3936,242.6,0,OK,OK,OK
2026-07-27T02:45:24.452066Z,3944,242.9,0,OK,OK,OK
2026-07-27T02:46:25.877959Z,3945,243.5,0,OK,OK,OK
2026-07-27T02:47:26.393766Z,3910,243.6,0,OK,OK,OK
2026-07-27T02:48:26.864575Z,3848,243.9,0,OK,OK,OK
2026-07-27T02:49:27.348817Z,3883,244.3,0,OK,OK,OK
2026-07-27T02:50:27.829236Z,5314,243.6,0,OK,OK,OK
2026-07-27T02:51:28.330202Z,5338,243.6,0,OK,OK,OK
2026-07-27T02:52:28.823008Z,5316,243.7,0,OK,OK,OK
2026-07-27T02:53:29.339311Z,5510,243.6,0,OK,OK,OK
2026-07-27T02:54:29.830192Z,6209,243.2,0,OK,OK,OK
2026-07-27T02:55:30.439440Z,5456,243.4,0,OK,OK,OK
2026-07-27T02:56:30.935058Z,5480,243.5,0,OK,OK,OK
2026-07-27T02:57:31.444764Z,5473,243.5,0,OK,OK,OK
2026-07-27T02:58:31.928180Z,5474,243.7,0,OK,OK,OK
2026-07-27T02:59:32.449416Z,5215,243.6,0,OK,OK,OK
2026-07-27T03:00:32.953327Z,3721,244.5,0,OK,OK,OK
2026-07-27T03:01:34.415314Z,3641,244.7,0,OK,OK,OK
2026-07-27T03:02:34.911016Z,3618,244.7,0,OK,OK,OK
2026-07-27T03:03:35.374974Z,3715,244.7,0,OK,OK,OK
2026-07-27T03:04:35.867793Z,3677,244.7,0,OK,OK,OK
2026-07-27T03:05:36.398823Z,3955,243.8,0,OK,OK,OK
2026-07-27T03:06:36.917265Z,3913,243.9,0,OK,OK,OK
2026-07-27T03:07:37.401982Z,3809,243.1,0,OK,OK,OK
2026-07-27T03:08:37.895504Z,3799,243.1,0,OK,OK,OK
2026-07-27T03:09:38.403054Z,3842,243.1,0,OK,OK,OK
2026-07-27T03:10:38.873372Z,3819,243.1,0,OK,OK,OK
2026-07-27T03:11:39.367093Z,3824,243.2,0,OK,OK,OK
2026-07-27T03:12:39.901369Z,5251,242.6,0,OK,OK,OK
2026-07-27T03:13:40.365473Z,5340,243.1,0,OK,OK,OK
2026-07-27T03:14:40.839949Z,5326,243.2,0,OK,OK,OK
2026-07-27T03:15:41.371462Z,5348,243.2,0,OK,OK,OK
2026-07-27T03:16:42.625445Z,5310,242.2,0,OK,OK,OK
2026-07-27T03:17:43.137446Z,5803,242.3,0,OK,OK,OK
2026-07-27T03:18:43.575010Z,5414,242.4,,DEGRADED,OK,OFFLINE
2026-07-27T03:19:44.082391Z,5175,242.5,,DEGRADED,OK,OFFLINE
2026-07-27T03:20:44.627580Z,3679,243.2,,DEGRADED,OK,OFFLINE
2026-07-27T03:21:45.148483Z,3701,243.2,,DEGRADED,OK,OFFLINE
2026-07-27T03:22:45.694277Z,4146,242.8,,DEGRADED,OK,OFFLINE
2026-07-27T03:23:46.206346Z,3684,243.1,,DEGRADED,OK,OFFLINE
2026-07-27T03:24:46.715731Z,3678,243.1,,DEGRADED,OK,OFFLINE
2026-07-27T03:25:47.169512Z,3676,243.0,,DEGRADED,OK,OFFLINE
2026-07-27T03:26:47.640710Z,3590,243.0,,DEGRADED,OK,OFFLINE
2026-07-27T03:27:48.105478Z,3658,242.8,,DEGRADED,OK,OFFLINE
2026-07-27T03:28:48.584292Z,3632,242.5,,DEGRADED,OK,OFFLINE
2026-07-27T03:29:49.065388Z,3284,242.7,,DEGRADED,OK,OFFLINE
2026-07-27T03:30:49.545685Z,3280,242.6,,DEGRADED,OK,OFFLINE
2026-07-27T03:31:50.984179Z,3300,242.5,,DEGRADED,OK,OFFLINE
2026-07-27T03:32:51.462520Z,3290,242.6,0,OK,OK,OK
2026-07-27T03:33:51.985145Z,3299,242.7,0,OK,OK,OK
2026-07-27T03:34:52.502316Z,3284,242.0,0,OK,OK,OK
2026-07-27T03:35:52.970206Z,3280,242.0,0,OK,OK,OK
2026-07-27T03:36:53.474980Z,3316,241.9,0,OK,OK,OK
2026-07-27T03:37:53.971745Z,3316,241.9,0,OK,OK,OK
2026-07-27T03:38:54.517897Z,4798,241.2,0,OK,OK,OK
2026-07-27T03:39:54.969609Z,4626,241.6,0,OK,OK,OK
2026-07-27T03:40:55.466651Z,5068,241.4,0,OK,OK,OK
2026-07-27T03:41:55.941264Z,4596,241.7,0,OK,OK,OK
2026-07-27T03:42:56.434781Z,4686,241.5,0,OK,OK,OK
2026-07-27T03:43:56.955418Z,4870,241.5,0,OK,OK,OK
2026-07-27T03:44:57.444114Z,4986,241.2,0,OK,OK,OK
2026-07-27T03:45:57.978180Z,3346,242.1,0,OK,OK,OK
2026-07-27T03:46:59.501110Z,3334,242.2,0,OK,OK,OK
2026-07-27T03:47:59.969189Z,3347,242.2,0,OK,OK,OK
2026-07-27T03:49:00.447437Z,3342,242.3,0,OK,OK,OK
2026-07-27T03:50:00.939907Z,3722,242.4,0,OK,OK,OK
2026-07-27T03:51:01.407246Z,3220,242.7,0,OK,OK,OK
2026-07-27T03:52:01.890782Z,3206,242.6,0,OK,OK,OK
2026-07-27T03:53:02.403210Z,3203,242.5,0,OK,OK,OK
2026-07-27T03:54:02.894176Z,3202,242.7,0,OK,OK,OK
2026-07-27T03:55:03.371802Z,3215,242.4,0,OK,OK,OK
2026-07-27T03:56:03.882508Z,3492,242.6,0,OK,OK,OK
2026-07-27T03:57:04.345473Z,3418,242.3,0,OK,OK,OK
2026-07-27T03:58:04.862285Z,3338,242.8,0,OK,OK,OK
2026-07-27T03:59:05.344227Z,3322,242.8,0,OK,OK,OK
